189956;MARIA INES;ABADIE;FOSSATTI;25/01/1985
189957;RAQUEL ELIZABET;ABAL;NICOLARI;26/01/1985
189958;MARÍA ROSARIO;ABALDE;MARTINEZ;27/01/1985
189959;ALBERTO OSCAR;ABALOS;ROCHON;28/01/1985
189960;ARIEL;ABARNO;SILVA;29/01/1985
189961;WINSTON FRANKLIN;ABASCAL;BELOQUI;30/01/1985
189962;PABLO DANIEL;ABDALA;SCHWARZ;31/01/1985
189963;MERCEDES MARIA;ABDALA;SOSA;01/02/1985
189964;JORGE MARIA;ABIN;DE MARIA;02/02/1985
189965;ALCIDES;ABREU;HERNANDEZ;03/02/1985
189966;MIRTA GRACIELA;ABREU;NUÑEZ;04/02/1985
189967;SERGIO;ABREU;BONILLA;05/02/1985
189968;DORITA;ABUCHALJA;SEADE;06/02/1985
189969;HUGO JOSE;ACHUGAR;FERRARI;07/02/1985
189970;JOSE BARTOLOME;ACOSTA;MADERA;08/02/1985
189971;NELSON EDUARDO;ACOSTA;MARTINEZ;09/02/1985
189972;JUAN CARLOS;ACOSTA;PEREZ;10/02/1985
189973;MARTHA VANDA;ACOSTA;PEREIRA;11/02/1985
189974;MABEL;ACOSTA;SOSA;12/02/1985
189975;EFRAIN ANDRES;ACUÑA;CABRERA;13/02/1985
189976;VICTOR ESTEBAN;ACUÑA;GUTIERREZ;14/02/1985
189977;GERARDO;ADDIEGO;PROSPERO;15/02/1985
189978;ERNESTO;AGAZZI;SARASOLA;16/02/1985
189979;STELLA SERRANA;AGUERRE;PEREIRO;17/02/1985
189980;TABARE;AGUERRE;LOMBARDO;18/02/1985
189981;SILVIA;AGUIAR;PEREZ;19/02/1985
189982;CLAUDIO MARTIN;AGUILAR;PAIS;20/02/1985
189983;VICTOR HUGO;AGUILAR;AGUILAR;21/02/1985
189984;JOSE EDUARDO;AGUIÑAGA;CORBO;22/02/1985
189985;JOSE MARIA;AGUIRRE;SOLIS;23/02/1985
189986;MARÍA ROSA;AGUIRRE;SEPILOV;24/02/1985
189987;CARLOS WALDEMAR;AGUIRRE;DANIELE;25/02/1985
189988;ESTEBAN RAUL;AGUSTONI;RIJO;26/02/1985
189989;ROBERTO;AIRALDI;GOMEZ;27/02/1985
189990;EDGARDO RAMON;AIZCORBE;BARCIA;28/02/1985
189991;DENISE HAIFA;AKIKI;BERHQUET;01/03/1985
189992;MIGUEL ANGEL;ALANIZ;ECHEVERRY;02/03/1985
189993;CARLOS;ALBISU;SALAZAR;03/03/1985
189994;MANUEL NARCISO;ALBISU;BRITOS;04/03/1985
189995;RUBEN DARIO;ALBOA;ESQUIVEL;05/03/1985
189996;MARIO BERNABE;ALBORNOZ;DE MELLO;06/03/1985
189997;YAMANDU;ALCANTARA;SANCHEZ;07/03/1985
189998;NILSON ANGEL;ALCARRAZ;BARRIO;08/03/1985
189999;ASUCENA;ALCINA;PEÑA;09/03/1985
190000;LUIS;ALDABE;DINI;10/03/1985
190001;RICARDO;ALDABE;DINI;11/03/1985
190002;DANIEL;ALDECOSEA;PEDROZZA;12/03/1985
190003;MIGUEL;ALEGRETTI;CAMMARANO;13/03/1985
190004;JOSE ANTONIO;ALEM;DEACES;14/03/1985
190005;HUMBERTO RAMÀN;ALFARO;MENDOZA;15/03/1985
190006;JUAN CARLOS;ALFARO;CHIAPPA;16/03/1985
190007;MARIA GABRIELA;ALGORTA;RUSIÑOL;17/03/1985
190008;FELIPE JOSE;ALGORTA;BRIT;18/03/1985
190009;VERONICA;ALLES;VEDAIN;19/03/1985
190010;MARÍA LUISA;ALMADA;BLENGIO;20/03/1985
190011;NESTOR DANIEL;ALMADA;MONTANS;21/03/1985
190012;LUIS LEONARDO;ALMAGRO;LEMES;22/03/1985
190013;MARIA GRACIELA;ALMANZA;DE LOS SANTOS;23/03/1985
190014;SILVANA JACQULINE;ALMEDA;MOREIRA;24/03/1985
190015;GERARDO;ALMEIDA;BERDIÑAS;25/03/1985
190016;GABRIELA;ALMIRATI;SAIBENE;26/03/1985
190017;ALEJANDRO ANDRES;ALMIRON;BELEN;27/03/1985
190018;JOSE LUIS;ALMIRON;FREDES;28/03/1985
190019;LEONARDO GUSTAVO;ALONSO;CHIAPPARA;29/03/1985
190020;VERONICA MARIA;ALONSO;MONTAÑO;30/03/1985
190021;GONZALO;ALONSO;MAY;31/03/1985
190022;NOEMI LYDIA;ALONSO;FIRPI;01/04/1985
190023;MARIA DEL CARMEN;ALONSO;RODRIGUEZ;02/04/1985
190024;MARIA JIMENA;ALONSO;HAUW;03/04/1985
190025;MARY CRISTINA;ALONSO;FLUMINI;04/04/1985
190026;ROSA M;ALPUY;CASAS;05/04/1985
190027;RAMIRO;ALVAREZ;DE LA FUENTE;06/04/1985
190028;LUIS;ALVAREZ;FERNANDEZ;07/04/1985
190029;JORGE ANTONIO;ALVAREZ;RODRIGUEZ;08/04/1985
190030;PABLO EMILIANO;ALVAREZ;LOPEZ;09/04/1985
190031;JUAN MARTIN;ALVAREZ;MAUVEZIN;10/04/1985
190032;ANALIA;ALVAREZ;CORRAL;11/04/1985
190033;ALVARO BOLIVAR;ALVAREZ;FERNANDEZ;12/04/1985
190034;ALFREDO;ALVAREZ;BOGLIOLO;13/04/1985
190035;ALEJANDRO;ALVAREZ;IZETTA;14/04/1985
190036;FERNANDO TOMAS;ALVAREZ;ALONZO;15/04/1985
190037;HUGO;ALVAREZ;SALDIAS;16/04/1985
190038;ALICIA TERESITA;ALVAREZ;MARTINEZ;17/04/1985
190039;GERARDO JAVIER;ALVAREZ;ESCURSELL;18/04/1985
190040;HUBERTO NILSON;ALVAREZ;SAMUDIO;19/04/1985
190041;ANTONIO;ALVAREZ;ALPIZAR;20/04/1985
190042;MIGUEL ANGEL;ALVES;ORTIZ;21/04/1985
190043;MARTHA ELIZABETH;ALVES DE SIMAS;GRIMON;22/04/1985
190044;VICTOR RICARDO;ALVEZ;IZQUIERDO;23/04/1985
190045;RUBEN ARI;ALVEZ;VIERA;24/04/1985
190046;ROQUE GASTON;ALVEZ;VIERA;25/04/1985
190047;AMERICO;ALVEZ;FERNANDEZ;26/04/1985
190048;ANA CAROLINA;ALVEZ;HOURCADE;27/04/1985
190049;EVA MYRIAN;ALVEZ;VILA;28/04/1985
190050;ALVARO MARTIN;ALZA;SASTRE;29/04/1985
190051;MARISA DANIELA;ALZA;FIORELLI;30/04/1985
190052;JUAN PABLO;ALZUGARAY;SARALEGUI;01/05/1985
190053;FERNANDO;AMADO;FERNANDEZ;02/05/1985
190054;SYLVIA;AMADO;APARICIO;03/05/1985
190055;MARCELO;AMADO;CHALELA;04/05/1985
190056;HUGO ARIEL;AMARAL;ROCCA;05/05/1985
190057;GERARDO ANDRES;AMARILLA;DE NICOLA;06/05/1985
190058;JUAN JUSTO;AMARO;CEDRES;07/05/1985
190059;RUBEN JOSE;AMARO;MACHADO;08/05/1985
190060;RUBEN WILLIAMS;AMATO;LUSARARIAN;09/05/1985
190061;ELDER DIEGO;AMENDOLA;MAZZULA;10/05/1985
190062;FERNANDO;AMESTOY;ROSSO;11/05/1985
190063;LUIS;AMIL;LOPEZ;12/05/1985
190064;IRLE MAIDER;AMIR;AMY;13/05/1985
190065;FRANCISCO JAVIER;AMORENA;FERNANDEZ;14/05/1985
190066;JOSE GERARDO;AMORIN;BATLLE;15/05/1985
190067;JOSE ANTONIO;AMY;TEJERA;16/05/1985
190068;LUIS HECTOR;ANASTASIA;CORREA;17/05/1985
190069;NIRIA;ANASTASIA;SUAREZ;18/05/1985
190070;HECTOR DANIEL;ANCHETA;FRANCA;19/05/1985
190071;JAVIER ZENON;ANDRADE;DUHALDE;20/05/1985
190072;LUIS ALBERTO;ANDRADE;DEFELIPO;21/05/1985
190073;RAFAEL;ANDRADE;BENOIT;22/05/1985
190074;ALBERTO FABIAN;ANDRADE;VALDEZ;23/05/1985
190075;MARIA ISABEL;ANDREONI;DA MARIA;24/05/1985
190076;SEBASTIAN;ANDUJAR;ALVAREZ DE RON;25/05/1985
190077;ANA MONICA;ANGELINI;IGUINI;26/05/1985
190078;NORA ALICIA;ANNUNZIATTO;MARTINO;27/05/1985
190079;WALDEMAR HEBERT;ANNUNZIATTO;MARTINO;28/05/1985
190080;MARIA MERCEDES;ANTIA;BEHERENS;29/05/1985
190081;ENRIQUE ANDRES;ANTIA;BEHRENS;30/05/1985
190082;FERNANDO;ANTIA;BEHRENS;31/05/1985
190083;ALEJANDRO;ANTONELLI;CORBI;01/06/1985
190084;OLIVERA;ANTONIO;ALBINO;02/06/1985
190085;FREDIS;ANTUNEZ;MARTINEZ;03/06/1985
190086;MARIO;ANZA;LEON;04/06/1985
190087;PABLO;ANZALONE;CANTONI;05/06/1985
190088;DANIEL;APATIA;SANTINI;06/06/1985
190089;PEDRO ROQUE;APEZTEGUIA;SETELICH;07/06/1985
190090;GABRIEL;APOLO;GOYOAGA;08/06/1985
190091;RAMON FRANCISCO;APPRATTO;LORENZO;09/06/1985
190092;LAURA;AQUINO;DOMINGUEZ;10/06/1985
190093;MIRIAM AMELIA;ARADA;MIER;11/06/1985
190094;ROQUE DANIEL;ARAMBULA;LEAL;12/06/1985
190095;IGNACIO;ARAMBURU;DE LEMOS;13/06/1985
190096;JOSE LUIS;ARAMBURU;DE LA ROSA;14/06/1985
190097;DANIEL HUGO;ARANCIO;ROMANO;15/06/1985
190098;MARY BEATRIZ;ARAUJO;DUARTE;16/06/1985
190099;LIDIA;ARAUJO;SERRON;17/06/1985
190100;HUGO ROMAN;ARAUJO;MENA;18/06/1985
190101;GABRIELA ---;ARAUJO;NICOLINI;19/06/1985
190102;ALICIA;ARAUJO;REFRESQUINI;20/06/1985
190103;HUBERT;ARBILDI;LOPEZ;21/06/1985
190104;GUALBERTO;ARBIZA;CASTRO;22/06/1985
190105;EDUARDO;ARBULO;BLANCO;23/06/1985
190106;MATEO DANIEL;ARBULO;FERREIRA;24/06/1985
190107;DIVAR DANIEL;ARCIERI;RODRIGUEZ;25/06/1985
190108;JOSE SEBASTIAN;ARELLANO;AYALA;26/06/1985
190109;ADRIANA RAQUEL;ARENAS;BARREIRO;27/06/1985
190110;MIRIAM GUIOMAR;AREOSA;CAZAJOUS;28/06/1985
190111;CARLOS VALERIO;AREZO;POSADA;29/06/1985
190112;ENRIQUE;AREZO;NANDE;30/06/1985
190113;ISMAEL;ARGUELLO;RODRIGUEZ;01/07/1985
190114;MARIA ELIDA;ARGUELLO;WETHERALL;02/07/1985
190115;MANUEL ERNESTO;ARIAS;PICHON;03/07/1985
190116;RIVERA;ARIAS;MORALES;04/07/1985
190117;RICARDO;ARIGON;BACHINI;05/07/1985
190118;RODRIGO MIGUEL;ARIM;IHLENFELD;06/07/1985
190119;JUAN CARLOS;ARISMENDES;MARTINEZ;07/07/1985
190120;CARLOS DOMINGO;ARISMENDI;CESAR;08/07/1985
190121;JOSE ANDRES;AROCENA;ARGUL;09/07/1985
190122;RODRIGO;AROCENA;LINN;10/07/1985
190123;OSCAR;ARRAMBIDE;MONCE;11/07/1985
190124;ROQUE EDISON;ARREGUI;MARSANO;12/07/1985
190125;CLAUDIA;ARRIAGA;VILLAMIL;13/07/1985
190126;ELIZABETH;ARRIETA;LUCCHETTI;14/07/1985
190127;SERGIO RAUL;ARRIGONI;BERAZA;15/07/1985
190128;JOSE PABLO;ARROYAL;RODRIGUEZ;16/07/1985
190129;SILVIA;ARROYO;FERREIRO;17/07/1985
190130;SERGIO;ARTAZU;D`APOLITO;18/07/1985
190131;MARIA TERESA;ARTECONA;GULLA;19/07/1985
190132;JULIO CESAR;ARTIGAS;LEMA;20/07/1985
190133;ENRIQUE;ARTOLA;NARANJA;21/07/1985
190134;ADRIANA LAURA;ARTURO;LOUREIRO;22/07/1985
190135;SERGIO MARIO;ASHFIELD;PRATS;23/07/1985
190136;MIGUEL MEDARDO;ASQUETA;SOÑORA;24/07/1985
190137;ALFREDO ANGEL;ASTI;CARLI;25/07/1985
190138;DIEGO;ASTIAZARAN;PEREZ;26/07/1985
190139;DARIO;ASTOR;PORRINI;27/07/1985
190140;DANILO;ASTORI;CALDERON;28/07/1985
190141;JUAN;ATILIO;TAPIA;29/07/1985
190142;JOSE MARIA;AUNCHAIN;ESPONDA;30/07/1985
190143;CARLOS FRANCISCO;AUNCHAYNA;POLLA;31/07/1985
190144;LUIS ALBERTO;AVELLANAL;SUAREZ;01/08/1985
190145;OLDEMAR JACINTO;AVERO;DIVERIO;02/08/1985
190146;ANDREA;AVIAGA;VACA;03/08/1985
190147;DARDO;AVILA;RECUERO;04/08/1985
190148;ANA PATRICIA;AYALA;SANCHIS;05/08/1985
190149;BEATRIZ MARIA;AZAMBUJA;PATRONE;06/08/1985
190150;TERESITA;AZAMBUYA;AGUERRE;07/08/1985
190151;HERNANN ERIC;AZARETTO;MAÑANA;08/08/1985
190152;PABLO EDUARDO;AZCUE;AIZPUN;09/08/1985
190153;KARINA;AZURIZ;CANNELLA;10/08/1985
190154;JOSÉ ALBERTO;BACCARO;BLANC;11/08/1985
190155;CARLOS RENZO;BACCELLI;ROSSARI;12/08/1985
190156;VICTOR;BACHMANN;FELICIANO;13/08/1985
190157;RUBEN ANIBAL;BACIGALUPE;AUNES;14/08/1985
190158;GABRIEL ALEJANDRO;BADANO;BURONI;15/08/1985
190159;NINO;BAEZ;FERRARO;16/08/1985
190160;DORA;BAGDASSARIAN;KETENYIAN;17/08/1985
190161;HEBERT;BAGNOLI;D'IMPERIO;18/08/1985
190162;LUIS MARIA;BAJAC;MASSONE;19/08/1985
190163;GONZALO;BALARINI;TEJERA;20/08/1985
190164;JUAN DANIEL;BALBIS;GALLO;21/08/1985
190165;JOSE ALBERTO;BALCALDI;TESAURO;22/08/1985
190166;ADRIANA;BALCARCEL;NICOLETTI;23/08/1985
190167;DANIEL BERNABE;BALDASSARI;BARBOZA;24/08/1985
190168;CARLOS;BALDASSARI;ARISMENDI;25/08/1985
190169;CARLOS HUMBERTO;BALDASSINI;BALATTI;26/08/1985
190170;IVONNE;BALDOMIR;FELIPEZ;27/08/1985
190171;GONZALO RAMON;BALLESTRINO;SEVERO;28/08/1985
190172;WASHINGTON ULISES;BALLIVA;GIMENEZ;29/08/1985
190173;ALBERTO;BALOSTRO;CAMPOS;30/08/1985
190174;GONZALO;BALSEIRO;GIGLIO;31/08/1985
190175;EDUARDO IGNACIO;BANDEIRA;CASTELLS;01/09/1985
190176;MARIO ISIDRO;BANDERA;PERG;02/09/1985
190177;JULIO CESAR;BANGO;ALVAREZ;03/09/1985
190178;HECTOR CARLOS;BAPTISTA;ETCHATZ;04/09/1985
190179;GUSTAVO ADOLFO;BAPTISTA;DOMATO;05/09/1985
190180;CARLOS;BARAIBAR;PONCE DE LEON;06/09/1985
190181;VERONICA;BARANZANO;CIBILS;07/09/1985
190182;EDUARDO ALBERTO;BARBACHAN;SUAREZ;08/09/1985
190183;MARIO NELSON;BARBATO;ALMANDOS;09/09/1985
190184;GONZALO MAURICIO;BARBOZA;SILVA;10/09/1985
190185;GRACIELA TERESA;BARCELONA;CAMPELO;11/09/1985
190186;GUSTAVO ADRIAN;BARES;SILVA;12/09/1985
190187;MARIO  GUIDO;BARITE;ROQUETA;13/09/1985
190188;WILSON RAMON;BARITE;PEREZ;14/09/1985
190189;PABLO HUGO;BARLETTA;AILLAUME;15/09/1985
190190;CARLOS;BARONE;ZABALLA;16/09/1985
190191;WLADIMIR;BARQUET;FASSIO;17/09/1985
190192;VICTOR;BARRAGAN;CARABALLO;18/09/1985
190193;SILVESTRE;BARREDA;RIVERO;19/09/1985
190194;FABRIELA;BARREIRO;GABAS;20/09/1985
190195;GERMAN;BARREIRO;MACCIO;21/09/1985
190196;ISMAEL RAUL;BARREIRO;CARSOGLIO;22/09/1985
190197;RAQUEL AMALIA;BARREIRO;CARSOGLIO;23/09/1985
190198;HUMBERTO;BARRELLA;ROSA;24/09/1985
190199;VICTOR MARIA;BARRENECHEA;DE LA FUENTE;25/09/1985
190200;OSCAR GUSTAVO;BARRERA;PEREYRA;26/09/1985
190201;JUAN CARLOS;BARRETO;BENTANCOR;27/09/1985
190202;SIOMARA;BARRETO;DE LEON;28/09/1985
190203;MARIA SOLEDAD;BARRIOLA;DANREE;29/09/1985
190204;ANA MARIA;BARRIOLA;ELDUAYEN;30/09/1985
190205;PABLO;BARRIOS;LASSO;01/10/1985
190206;HECTOR CICERON;BARRIOS;SANCHEZ;02/10/1985
190207;JULIANA;BARRIOS;VIANA;03/10/1985
190208;ARTIGAS ALEXIS;BARRIOS;FERNANDEZ;04/10/1985
190209;DANIEL HONORIO;BARRIOS;RECUERO;05/10/1985
190210;OSCAR DIEGO;BARROS;GENERALLI;06/10/1985
190211;RAFAEL ARTURO;BARTZABAL;GOYTIÑO;07/10/1985
190212;JORGE OTTO;BASSO;GARRIDO;08/10/1985
190213;HAYDEE EMILIA;BASTERRECH;RIOS;09/10/1985
190214;HECTOR;BASTON;MAIO;10/10/1985
190215;FAVIO DANIEL;BATISTA;PEREGALLI;11/10/1985
190216;JULIO JOSE;BATTISTONI;SPINELLI;12/10/1985
190217;EDUARDO;BAUBETA;SILVERA;13/10/1985
190218;ISABELINO WILSON;BAUER;DE SOUZA;14/10/1985
190219;ROBERTO BENJAMIN;BAVOSI;LUCHINI;15/10/1985
190220;JOSE ARTURO;BAYARDI;LOZANO;16/10/1985
190221;EDITH ELENA;BAYGORRIA;MOURIN;17/10/1985
190222;ROBERTO;BAZ;COGO;18/10/1985
190223;ANA MARIA;BAZ;DIAZ;19/10/1985
190224;MARIA CRISTINA;BECEIRO;MENDARO;20/10/1985
190225;VICTORIA;BEGA;BONILLA;21/10/1985
190226;RONI LUCAS;BEJEREZ;PEREIRA DAS NEVES;22/10/1985
190227;GUSTAVO ROBERTO;BELARRA;MUNIZ;23/10/1985
190228;JULIA SUSANA;BELLA;GRASSI;24/10/1985
190229;DIAMELA;BELLO;CANZANI;25/10/1985
190230;SILVANA;BELLO;SUAREZ;26/10/1985
190231;MANUEL JOAQUIN;BELLO;BELEA;27/10/1985
190232;ANA MARIA;BELLO;ANDRIOLO;28/10/1985
190233;GRACIELA TERESITA;BELLO;ASTRALDI;29/10/1985
190234;ERNESTO GABRIEL;BELTRAME;LEMOLE;30/10/1985
190235;FRANCISCO SNATIAGO;BELTRAME;ECHEVERRIA;31/10/1985
190236;FLAVIO GUSTAVO;BELTRAN;CAULA;01/11/1985
190237;GARY ASTUL;BENAVIDES;NOBRE;02/11/1985
190238;MARIA LILIAN;BENDAHAN;SILVERA;03/11/1985
190239;ENZO;BENECH;BOUNOUS;04/11/1985
190240;ESTELA;BENITEZ;CAMPARI;05/11/1985
190241;GLORIA DEL CARMEN;BENITEZ;GARCIA;06/11/1985
190242;ANTONIO;BENITEZ;CHEVESTE;07/11/1985
190243;JUAN JOSÉ;BENITEZ;CAORSI;08/11/1985
190244;ROBERTO CARLOS;BENNETT;GORENA;09/11/1985
190245;ANA MARIA;BENTABERRI;ALOUY;10/11/1985
190246;JESUS;BENTANCOR;DODERA;11/11/1985
190247;ALVARO;BENTANCUR;CORTABARIA;12/11/1985
190248;WILSON JESUS;BENTANCUR;PAIS;13/11/1985
190249;ANIBAL JOSE ENRIQUE;BENTOS;GUIMARAES;14/11/1985
190250;BERTIL RANDOLF;BENTOS;SCAGNEGATTI;15/11/1985
190251;MARTHA CATALINA;BEQUIO;DUPIN;16/11/1985
190252;MARIA DEL CARMEN;BERAMENDI;USERA;17/11/1985
190253;WALTER ENRIQUE;BERGARA;SANTILLANO;18/11/1985
190254;MARIO ESTEBAN;BERGARA;DUQUE;19/11/1985
190255;CARLOS;BERGERET;CARRAU;20/11/1985
190256;HECTOR FRANCISCO;BERGONZONI;ALVAREZ;21/11/1985
190257;JAVIER;BERMUDEZ;ABOAL;22/11/1985
190258;LILIANA BEATRIZ;BERNA;BRENES;23/11/1985
190259;JUAN PABLO;BERNENGO;CASTRO;24/11/1985
190260;GUSTAVO DANIEL;BERNINI;SEGUESSA;25/11/1985
190261;JIMMY WILSON;BERNY;MORAES;26/11/1985
190262;RICARDO CARLOS;BEROIS;QUINTEROS;27/11/1985
190263;MARIA DEL CARMEN;BEROIS;QUINTEROS;28/11/1985
190264;MA. DEL ROSARIO;BERRO;SOTO;29/11/1985
190265;JUAN ANGEL;BERRUTI;MACAGNO;30/11/1985
190266;AZUCENA ESTEFANIA;BERRUTTI;REBOREDO;01/12/1985
190267;ANA MARIA;BERTA;CORVO;02/12/1985
190268;ELIZABETH MARIA;BERTASSI;FLORES;03/12/1985
190269;ANDRES;BERTERRECHE;ALVAREZ;04/12/1985
190270;IGNACIO;BERTI;MOYANO;05/12/1985
190271;HEBER ISIDRO;BERTO;SOSA;06/12/1985
190272;ALEJANDRO MIGUEL;BERTON;SOLE;07/12/1985
190273;SERGIO LEONEL;BERTON;BONJOUR;08/12/1985
190274;MAURICIO;BERTON;LEUNDA;09/12/1985
190275;EDUARDO;BERTON;PEREZ;10/12/1985
190276;INOCENCIO VICTOR;BERTONI;MENDARO;11/12/1985
190277;ALVARO;BERTONI;PORRAS;12/12/1985
190278;MÓNICA ANABEL;BESIO;BARRETO;13/12/1985
190279;PEDRO;BESOZZI;CERCHI;14/12/1985
190280;JULIO GUILLERMO;BESOZZI;AROCENA;15/12/1985
190281;ALBA MARIA;BETOLAZA;CAFFERATA;16/12/1985
190282;ALVARO JUAN FRANCISC;BEYHAUT;BONILLA;17/12/1985
190283;DANIEL MARIO;BIANCHI;SALOMON;18/12/1985
190284;ELEONORA;BIANCHI;CASERTA;19/12/1985
190285;LEONARDO JORGE;BIANCHI;FERNANDEZ;20/12/1985
190286;JORGE;BIANCHI;BARELLA;21/12/1985
190287;ROBERTO RAMON;BIANCHI;ROBERTI;22/12/1985
190288;MARIA CECILIA;BIANCHINI;JAUREGUI;23/12/1985
190289;JESÚS;BICCA;MENDOZA;24/12/1985
190290;ALEJANDRO;BIDEGAIN;PORRAS;25/12/1985
190291;MARÍA CRISTINA;BIDEGAIN;LUTZ;26/12/1985
190292;PABLO ENIQUE;BIDONDO;IBIÑETE;27/12/1985
190293;PEDRO FELIPE;BIELEMBERG1;GOLAN;28/12/1985
190294;MARIA CRISTINA;BIELLI;ARREDONDAS;29/12/1985
190295;SENOVIO;BILLAR;LARROSA;30/12/1985
190296;MARCELO;BISTOLFI;ZUNINI;31/12/1985
190297;ROBERTO CARLOS;BIZOZA;CABRAL;01/01/1986
190298;SILVIA BERNARDITA;BLANC;SOSA;02/01/1986
190299;CECILIA BEATRIZ;BLANCO;FRESCO;03/01/1986
190300;KARIM DINORAH;BLANCO;RAMOS;04/01/1986
190301;EULOGIO;BLANCO;IBARRA;05/01/1986
190302;ANA MARIA;BLANCO;RICCETO;06/01/1986
190303;RODRIGO;BLAS;SIMONCELLI;07/01/1986
190304;JUAN GONZALO;BLASINA;VIERA;08/01/1986
190305;JOSE;BOBBA;OJEDA;09/01/1986
190306;GABRIEL;BOCCARDO;LA RUINA;10/01/1986
190307;DOMINGO;BOCCHIARDO;CAORSI;11/01/1986
190308;SONIA STELLA;BOCCHINO;CASTRO;12/01/1986
190309;RAUL HERALDO;BODEANT;GRAÑA;13/01/1986
190310;ALBERTO GUSTAVO;BOIX;VILARO;14/01/1986
190311;JOSE FRANCISCO;BONAVOTA;CACCIANTE;15/01/1986
190312;LUIS PABLO;BONET;CABRERA;16/01/1986
190313;SERGIO DARDO;BONILLA;MARABOTTO;17/01/1986
190314;HÉCTOR EDUARDO;BONILLA;IRIGOYEN;18/01/1986
190315;ALBA ESMERALDA;BONINO;PEIRANO;19/01/1986
190316;JULIO CESAR;BONINO;BONINO;20/01/1986
190317;ALEXIS ARISTIDES;BONNAHON;POLLERO;21/01/1986
190318;MARIA CLAUDIA;BONNECARRERE;MARTINEZ;22/01/1986
190319;MARCEL DAVID;BONNET;MONNET;23/01/1986
190320;EDISON EDUARDO;BONOMI;VARELA;24/01/1986
190321;JAVIER ISIDRO;BOOK;SILVA;25/01/1986
190322;PURA CONCEPCION;BOOK;SILVA;26/01/1986
190323;SANDRA;BORAGNO;DELFINO;27/01/1986
190324;FREDY JOSE;BORBA;SILVA;28/01/1986
190325;JUAN PEDRO;BORDABERRY;HERRAN;29/01/1986
190326;GUILLERMO;BORDOLI;NEDOR;30/01/1986
190327;MARIA DEL ROSARIO;BORGES;ESQUEFF;31/01/1986
190328;MARÍA PATRICIA;BORGES;MARINI;01/02/1986
190329;EDUARDO NICASIO;BORGES;DUARTE;02/02/1986
190330;MARIO SANTIAGO;BORGNO;BUSCHIAZZO;03/02/1986
190331;FERNANDO;BORIO;NONNENMACHER;04/02/1986
190332;DANIEL JOSE;BORRELLI;UBERTI;05/02/1986
190333;ROBERTO;BORRELLI;MARCHI;06/02/1986
190334;GUSTAVO;BORSARI;BRENNA;07/02/1986
190335;TERESA;BORTOLI;ESTELLANO;08/02/1986
190336;MÓNICA MARIELLA;BORTOLI;PORRO;09/02/1986
190337;HUGO RAUL;BOSCA;GOMEZ;10/02/1986
190338;NELSON;BOSCH;SOCA;11/02/1986
190339;LUIS SERGIO;BOTANA;ARANCET;12/02/1986
190340;GLADYS;BOUZON;NOVELLI;13/02/1986
190341;ADRIANA MARÍA;BOZZOLASCO;ROMERO;14/02/1986
190342;MIGUEL ANGEL;BRAGA;PEREZ;15/02/1986
190343;ALBERTO;BRAUSE;BERRETA;16/02/1986
190344;ALBERTO RAUL;BRECCIA;GUZZO;17/02/1986
190345;MIGUEL;BRECHNER;FREY;18/02/1986
190346;EDUARDO;BRENTA;BADANO;19/02/1986
190347;ADRIANA NOEL;BRESCIA;RODRIGUEZ;20/02/1986
190348;CESAR ALFREDO;BRIOZZO;CLIVIO;21/02/1986
190349;ABILIO HUGO;BRIZ;LUCAS;22/02/1986
190350;JORGE EMILIO;BROGGINI;MENDEZ;23/02/1986
190351;ANDREA;BRUGMAN;POZZI;24/02/1986
190352;FERNANDO;BRUM;ESTAPE;25/02/1986
190353;GONZALO;BRUM;BRUNO;26/02/1986
190354;RAFAEL ENRIQUE;BRUM;CASTRO;27/02/1986
190355;SEBASTIµN;BRUN;ETCHEVERRY;28/02/1986
190356;HUMBERTO SALVADOR;BRUN;NASTA;01/03/1986
190357;JORGE RICARDO;BRUNI;MACHIN;02/03/1986
190358;JUAN JOSE;BRUNO;OLVEIRA;03/03/1986
190359;RAUL CARMELO;BRUNO;TROGLIO;04/03/1986
190360;ALBERTO GUSTAVO;BRUSA;GONZALEZ;05/03/1986
190361;LILIANA MA.DEL HUERT;BRUSALES;NOBLE;06/03/1986
190362;DANIEL ISIDRO;BRUZZONE;MARTINEZ;07/03/1986
190363;MARTIN;BUENO;ZELEDON;08/03/1986
190364;CARLOS;BUENO;PEREYRA;09/03/1986
190365;PEDRO EMILIO;BUONOMO;DE LEON;10/03/1986
190366;IRENE BEATRIZ;BUQUET;GONZALEZ;11/03/1986
190367;WALTER HUGO;BURELLA;ASCONEGUY;12/03/1986
190368;LAURA;BURGOA;GONZALEZ;13/03/1986
190369;MANUEL;BURGOS;LEZAMA;14/03/1986
190370;JUAN CARLOS;BURGOS;HERNANDEZ;15/03/1986
190371;JORGE LUIS;BURGOS;ARIAS;16/03/1986
190372;JORGE;BURIANI;PARDO;17/03/1986
190373;JOHN;BURNS;CERVETTI;18/03/1986
190374;JOSE MARIA;BURONE;MENDEZ;19/03/1986
190375;FRANCISCO C.;BUSTILLO;BONASSO;20/03/1986
190376;FERNANDO;BUTTAZZONI;REPETTO;21/03/1986
190377;SILVIA;BUZO;DEL PUERTO;22/03/1986
190378;IRUPE CARMEN;BUZZETTI;FRAGA;23/03/1986
190379;FRANCISCO EDUARDO;CAAMAÑO;CERNADAS;24/03/1986
190380;MARIA ANDREA;CAAMAÑO;VERNAY;25/03/1986
190381;ANITA MARIA;CABALLERO;LARUMBE;26/03/1986
190382;ALCIDES;CABALLERO;SOLIS;27/03/1986
190383;LUIS FERNANDO;CABEZUDO;RAMIREZ;28/03/1986
190384;MARIA GREGORIA;CABRAL;BORBA;29/03/1986
190385;WILITON;CABRAL;RODRIGUEZ;30/03/1986
190386;JULIO ROBERTO;CABRAL;BARRETO;31/03/1986
190387;MARCELO DANIEL;CABRAL;LABORDE;01/04/1986
190388;ADOLFO AURELIANO;CABRAL;GARCIA;02/04/1986
190389;ARIBEL ENRIQUE;CABRAL;OLIVERA;03/04/1986
190390;SERGIO GUSTAVO;CABRERA;HERRERA;04/04/1986
190391;SUSANA;CABRERA;RE;05/04/1986
190392;ALICIA;CABRERA;PUENTE;06/04/1986
190393;LUIS EDUARDO;CABRERA;COLETTO;07/04/1986
190394;JUAN ANTONIO;CABRERA;ORGA;08/04/1986
190395;ALICIA;CABRERA;PUENTE;09/04/1986
190396;NELSON MARIO;CABRERA;SOSA;10/04/1986
190397;SILVIA RAQUEL;CABRERA;LUZARDO;11/04/1986
190398;MARINI SOFIA;CABRERA;FAROLINI;12/04/1986
190399;GERARDO E.;CABRERA;ROCHA;13/04/1986
190400;JORGE GUALBERTO;CABRERA;LESTEGAS;14/04/1986
190401;GUSTAVO LUIS;CABRERA;PEREYRA;15/04/1986
190402;TACUABE;CABRERA;ZIEGLER;16/04/1986
190403;MARÍA CRISTINA;CABRERA;COSTA;17/04/1986
190404;ANA ALICIA;CABRERA;UHALDE;18/04/1986
190405;MYRIAM GRACIELA;CACERES;TONCHEFF;19/04/1986
190406;FERNANDO;CACERES;UGALDE;20/04/1986
190407;RICHARD OROSMAN;CACERES;CARRO;21/04/1986
190408;MAURICIO DANILO;CACERES;CARRO;22/04/1986
190409;JORGE ATILIO;CAFFERA;JURI;23/04/1986
190410;GERARDDO;CAFFERA;MORANDI;24/04/1986
190411;DANIEL;CAGGIANI;RUIZ;25/04/1986
190412;MATILDE ISABEL;CAIRELLO;SOSA;26/04/1986
190413;CECILIA;CAIRO;GAITAN;27/04/1986
190414;OLGA GRACIELA;CAITANO;ACOSTA;28/04/1986
190415;CARLA MARIELA;CAJIGA;BOTELLA;29/04/1986
190416;ANGEL MANUEL;CAL;SHABAN;30/04/1986
190417;MARIO ALBERTO;CALABUIG;FERNANDEZ;01/05/1986
190418;FERNANDO;CALLOIA;RAFFO;02/05/1986
190419;MARICEL;CALTIERI;ELOSEGUI;03/05/1986
190420;ROBERTO;CALVO;BALSAS;04/05/1986
190421;RICARDO;CALVO;PENA;05/05/1986
190422;ANA MARIA;CALZADA;SANTA CRUZ;06/05/1986
190423;LUIS ALBERTO;CAMACHO;SILVEIRA;07/05/1986
190424;ALBERTO MANUEL;CAMACHO;RODRIGUEZ;08/05/1986
190425;ZULMA SUSANA;CAMARAN;CAWEN;09/05/1986
190426;MARIA DE LOS ANGELES;CAMIÑO;MORENO;10/05/1986
190427;RUBEN DARIO;CAMIROTTI;TEJERA;11/05/1986
190428;JORGE;CAMORS;GARIBALDI;12/05/1986
190429;NESTOR;CAMPAL;GENNARI;13/05/1986
190430;GIANNA MARIA;CAMPANELLA;SAAD;14/05/1986
190431;JORGE;CAMPANELLA;CETRANGOLO;15/05/1986
190432;JULIO CESAR;CAMPO;CHIARLA;16/05/1986
190433;CARLOS DEBELQUI;CAMPOS;SILVA;17/05/1986
190434;CARLOS DANIEL;CAMY;ANTOGNAZZA;18/05/1986
190435;HECTOR;CANCELA;BOSI;19/05/1986
190436;ARIEL;CANCELA;VILA;20/05/1986
190437;JUAN ANDRES;CANESSA;FRANCO;21/05/1986
190438;FANNY MARIA;CANESSA;SORIN;22/05/1986
190439;RAFAEL MAURICIO;CANETTI;WASSER;23/05/1986
190440;ENRIQUE GILBERTO;CANON;PEDRAGOSA;24/05/1986
190441; HAROLDO ANTONIO;CANONIERO;MARR;25/05/1986
190442;MARTA;CANOVA;ARRARTE;26/05/1986
190443;JUAN PEDRO;CANTERA;SENCION;27/05/1986
190444;EDGAR FITZGERALD;CANTERO;PIALI;28/05/1986
190445;MARIA CRISTINA;CANTERO;ALBRIEUX;29/05/1986
190446;LILIANA BEATRIZ;CAPECE;SILVEIRA;30/05/1986
190447;FERNANDO CARLOS;CAPOTE;LOPEZ;31/05/1986
190448;CARMELO RAMON;CAPOZZOLI;CAMBOM;01/06/1986
190449;MARIELA RAQUEL;CAPPETTA;TECHERA;02/06/1986
190450;TERESITA;CAPURRO;SILVA;03/06/1986
190451;RAUL GUILERMO;CARABALLO;ACOSTA;04/06/1986
190452;MARIA BETTINA;CARABALLO;CUNHA;05/06/1986
190453;RODOLFO ANDRES;CARAM;MARTINEZ;06/06/1986
190454;CARLOS MANUEL;CARAM;GRANADOS;07/06/1986
190455;GRISEL;CARAM;ACOSTA;08/06/1986
190456;ANTONIO;CARAMBULA;SAGASTI;09/06/1986
190457;GONZALO;CARAMBULA;VOLPI;10/06/1986
190458;MARCOS GUSTAVO;CARAMBULA;VOLPI;11/06/1986
190459;ALBERTO LAUREANO;CARAMES;SILVEIRA;12/06/1986
190460;NATALIA;CARBAJAL;MACIAS;13/06/1986
190461;LUCÍA MARÍA;CARBALLA;CHANGO;14/06/1986
190462;FELIPE;CARBALLO;DA COSTA;15/06/1986
190463;ROBIN ENRIQUE;CARBALLO;VELLOZO;16/06/1986
190464;ADRIANA;CARDANI;GODIÑO;17/06/1986
190465;FERNANDO RAUL;CARDINAL;PIEGAS;18/06/1986
190466;JOSE CARLOS;CARDOSO;SILVA;19/06/1986
190467;GERMAN;CARDOSO;FERREIRA;20/06/1986
190468;SILVIO RICARDO;CARDOSO;PIOLI;21/06/1986
190469;CARLOS;CARDOZO;MARTINEZ;22/06/1986
190470;GRANDENEL;CARDOZO;SOLIS;23/06/1986
190471;MARIA DILIA;CARDOZO;ABERO;24/06/1986
190472;JULIO CESAR;CARDOZO;FERREIRA;25/06/1986
190473;BEATRIZ;CARNELLI;VIDAUR;26/06/1986
190474;FERNANDO;CARPENTIERI;MAZZA;27/06/1986
190475;LUIS ALBERTO;CARRASCO;CASTRO;28/06/1986
190476;MARCELO HEBERT;CARRASCO;OLIVERA;29/06/1986
190477;JUAN JOSE;CARRASCO;SALVIDE;30/06/1986
190478;SULANGEL;CARRASCO;PEREYRA;01/07/1986
190479;JAVIER;CARRAU;BONOMI;02/07/1986
190480;FERNANDO;CARRAU;CORRAL;03/07/1986
190481;CHARLES DANIEL;CARRERA;LEAL;04/07/1986
190482;JULIO;CARRERA;FERNANDEZ;05/07/1986
190483;ERNESTO;CARRERAS;PEÑA;06/07/1986
190484;LUIS MARIA;CARRESSE;TOLEDO;07/07/1986
190485;RUBEN NELSON;CARRIL;DIBBERN;08/07/1986
190486;IVONNE;CARRION;RAMOS;09/07/1986
190487;AGUSTIN JOSE;CARRIQUIRY;MENDIOLA;10/07/1986
190488;ANDRES;CARRIQUIRY;PENINO;11/07/1986
190489;GABRIELA NOEMI;CASAL;LUCHELLI;12/07/1986
190490;MARTHA YOLANDA;CASAMAYU;GOMEZ;13/07/1986
190491;GONZALO MIGUEL;CASARAVILLA;PONSETI;14/07/1986
190492;VICTOR ALEJANDRO;CASARETTO;DAMINO;15/07/1986
190493;FEDERICO RAMIRO;CASARETTO;GERFAUO;16/07/1986
190494;ALBERTO ENRIQUE;CASAS;MENDITEGUY;17/07/1986
190495;ALICIA;CASAS;RODRIGUEZ;18/07/1986
190496;FEDERICO;CASAS;PEREIRA;19/07/1986
190497;LUZ MARINA;CASAS;VILLANUEVA;20/07/1986
190498;MARIA ELSA;CASAS;RAMIREZ;21/07/1986
190499;JESUS ARIEL;CASCO;ROJAS;22/07/1986
190500;JULIO CESAR;ROQUERO;ORTIZ;23/07/1986
190501;MARIA NILSA;PEREZ ;HERNANDEZ;24/07/1986
190502;MARIA DEL ROSARIO;PEREZ;QUINTELA;25/07/1986
190503;JOSE ENRIQUE;DOMINGUEZ ;BRANDO;26/07/1986
190504;ANDREA MARA;CABRERA;LUCAS;27/07/1986
190505;MARIA DEL ROSARIO;VARELA;SANTANGELO;28/07/1986
190506;MARIA NOEL;SANGUINETTI;VEZZOSO;29/07/1986
190507;EDUARDO;COSTAS;VAZQUEZ;30/07/1986
190508;JOSE LUIS;CASSANELLO;CHIPARELLI;31/07/1986
190509;ARMANDO IRINEO;CASTAINGDEBAT;COLOMBO;01/08/1986
190510;ALBERTO;CASTELAR;RODRIGUEZ;02/08/1986
190511;DANIEL EDGARDO;CASTELLA;LORENZO;03/08/1986
190512;GABRIEL ALFONSO;CASTELLA;LORENZO;04/08/1986
190513;JAQUELINE;CASTELLI;ALMEIDA;05/08/1986
190514;AMAVIRA HAYDEE;CASTGLIONI;BARRIOS;06/08/1986
190515;CLAUDIO GABRIEL;CASTIGLIONI;NICOLELLA;07/08/1986
190516;VERONICA;CASTILLO;BUGAIOV;08/08/1986
190517;JOSE  LUIS;CASTILLO;CABRERA;09/08/1986
190518;ESBAR GONZALO;CASTILLO;RAMIREZ;10/08/1986
190519;FLAVIO SOLIS;CASTRO;SAYAS;11/08/1986
190520;NORA MARIA;CASTRO;NAVAJAS;12/08/1986
190521;HUMBERTO;CASTRO;VELAZQUEZ;13/08/1986
190522;RAUL BOLIVAR;CASTRO;SILVA;14/08/1986
190523;LUIS MARIA;CASTRO;RAMIREZ;15/08/1986
190524;MARGARITA;CASTRO;GIUGGIOLINI;16/08/1986
190525;VICTOR  HUGO;CASTRO;PEÑA;17/08/1986
190526;JOSE CARLOS;CASTRO;MENY;18/08/1986
190527;MONICA;CASTRO;ROMANO;19/08/1986
190528;JORGE;CASTRO;VEGA;20/08/1986
190529;ALICIA;CASTRO;RIVERA;21/08/1986
190530;PABLO;CASTRO;PARDIÑAS;22/08/1986
190531;MARIO EDUARDO;CASTRO;LABORDA;23/08/1986
190532;ALEJANDRO;CASTROMAN;HACKEMBRUCH;24/08/1986
190533;MARIA ALEJANDRA;CASULLO;BARTOLOTE;25/08/1986
190534;EDISON HUMBERTO;CASULO;BERNASCONI;26/08/1986
190535;ANIBAL;CATALDO;RODRIGUEZ;27/08/1986
190536;JORGE ANTONIO;CATENACCIO;ALONSO;28/08/1986
190537;MARIA ELIZABETH;CATEURA;DEAMBROGIO;29/08/1986
190538;GERMAN FEDERICO;CAVALLERO;DALIA;30/08/1986
190539;EDUARDO NELSON;CAVALLI;ASOLE;31/08/1986
190540;MARIA NOEL;CAYAFA;TAPIE;01/09/1986
190541;LAURA;CAYON;CRUZ;02/09/1986
190542;DANIEL;CAZET;MONTES;03/09/1986
190543;BEATRIZ AIDA;CAZZANIGA;GUGGERI;04/09/1986
190544;ESTRELLITA CELIA;CEA;VOARINO;05/09/1986
190545;ADRIANA;CECCONE;CASTRO;06/09/1986
190546;MARIA CRISTINA;CEDRES;SILVERA;07/09/1986
190547;ANGEL;CEDRES;SANTOS;08/09/1986
190548;ALBA BEATRIZ;CENTURION;ARBALLO;09/09/1986
190549;NARIA LOURDES;CERCHI;GIL;10/09/1986
190550;GRACIELA IVONNE;CERIANI;BRUSCO;11/09/1986
190551;ELENA;CERNUSCHI;PAEZ;12/09/1986
190552;RAMIRO;CERRUTI;GIMENEZ;13/09/1986
190553;RODRIGO LORENZO;CERRUTTI;GIMENEZ;14/09/1986
190554;GUSTAVO;CERSOSIMO;MICHELINI;15/09/1986
190555;ANA MARIA;CERUTTI;ALBARELLO;16/09/1986
190556;YANET LILIAN;CERVI;ABELEIRA;17/09/1986
190557;ERNESTO;CESAR;ESTRADA;18/09/1986
190558;JUANPABLO;CESIO;CESCONI;19/09/1986
190559;JOSÉ MARÍA;CESTAU;DOPESO;20/09/1986
190560;MANUEL ALBERTO;CHABALGOITY;RODRIGUEZ;21/09/1986
190561;IRIOMAR;CHAGAS;MIRANDA;22/09/1986
190562;RENE;CHAGAS;SANTELLANO;23/09/1986
190563;PABLO;CHALAR;RODRIGUEZ;24/09/1986
190564;JULIO CESAR;CHALAR;VECCHIO;25/09/1986
190565;MARIA ROSA;CHAMACHOURDJIAN;TABAKIAN;26/09/1986
190566;LUIS DANTE;CHARLES;VINCIGUERRA;27/09/1986
190567;SILVANA MABEL;CHARLONE;MARTINEZ;28/09/1986
190568;OSVALDO RAFAEL;CHAVASCO;OSVALDO;29/09/1986
190569;JOSE ENRIQUE;CHAVAT;AZENI;30/09/1986
190570;LIDIA MARGOT;CHAVES;PEDREIRA;01/10/1986
190571;AGUSTINA ESTELA;CHAVES;MIRABALLES;02/10/1986
190572;JORGE OMAR;CHEDIAK;GONZALEZ;03/10/1986
190573;ZOILO JAVIER;CHEVESTE;CALVO;04/10/1986
190574;JACQUELINE RITA;CHICO;SALGADO;05/10/1986
190575;RICARDO ALEXIS;CHIECCHI;ROSTAN;06/10/1986
190576;ANTONIO;CHIESA;BRUNO;07/10/1986
190577;SERGIO;CHIESA;DUHALDE;08/10/1986
190578;RUBENS;CHIRIBAO;BIANCHINOTTI;09/10/1986
190579;JUAN A.;CHIRUCHI;FUENTES;10/10/1986
190580;JORGE EDUARDO;CHRISTY;DAVIES;11/10/1986
190581;LUIS AGUSTIN;CIGANDA;ROMERO;12/10/1986
190582;CESARE GABRIEL;CINGIA;ALCALDE;13/10/1986
190583;LUIS MILTON;CISNEROS;BENITEZ;14/10/1986
190584;ADRIANA MARIA;CITTADINO;PRETI;15/10/1986
190585;JUAN JOSE;CLADERA;COHN;16/10/1986
190586;JOSE;CLASTORNIK;TAUBE;17/10/1986
190587;HECTOR ANIBAL;COCARO;PIPPOLO;18/10/1986
190588;HUGO;COELHO;SANDIN;19/10/1986
190589;HEBER ANTONIO;COELLO;PEREZ;20/10/1986
190590;ADRIANA;COELLO;COLOMBO;21/10/1986
190591;HEBER ANTONIO;COELLO;PEREZ;22/10/1986
190592;WALTER ALEX;COFONE;LARROSA;23/10/1986
190593;OSVALDO;COITIÑO;SANTOS;24/10/1986
190594;JORGE;COLACCE;MOLINARI;25/10/1986
190595;EDGAR DIONISIO;COLLAZO;SANCHEZ;26/10/1986
190596;MARCIA LEONORA;COLLAZO;IBAÑEZ;27/10/1986
190597;JOSE ENRIQUE;COLMAN;MARTINEZ;28/10/1986
190598;CARLOS VICENTE;COLOM;SCALONE;29/10/1986
190599;ALBERTO RUBEN;CONDE;MORIONDO;30/10/1986
190600;CARLOS ROBERTO;CONDE;CARRERAS;31/10/1986
190601;OLGA ELENA;CONDENANZA;HAEDO;01/11/1986
190602;KARL FREDERICK;CONSOLANDICH;CIRISOLA;02/11/1986
190603;JUAN CARLOS;CONTARIN;VILLA;03/11/1986
190604;PABLO GIOVANI;CONTI;MATTIO;04/11/1986
190605;ALBERTO LUIS;CONTI;NAPPA;05/11/1986
190606;GUZMAN;CONTRERAS;RODRIGUEZ;06/11/1986
190607;OSCAR MARIO;COPPOLA;ARGENTO;07/11/1986
190608;DORELEY LILIÁN;CORBO;PEREYRA;08/11/1986
190609;DANIEL JACINTO;CORBO;LONGUEIRA;09/11/1986
190610;LUZ MARINA;CORBO;SOPEÑA;10/11/1986
190611;NERY MAURO;CORBO;LOPEZ;11/11/1986
190612;WASHINGTON;CORDATTI;BALBI;12/11/1986
190613;MARIO EDUARDO;CORDOBA;VITA;13/11/1986
190614;PAOLA;CORDONE;GIASSANTI;14/11/1986
190615;ALBA MARIA;CORRAL;FERREIRA;15/11/1986
190616;NANCI AMANDA;CORRALES;GARCIA;16/11/1986
190617;UDISON;CORREA;DUTRA;17/11/1986
190618;DARWIN CARLOS;CORREA;COSTA;18/11/1986
190619;HUMBERTO;CORREA;SARAVIA;19/11/1986
190620;ADRIANA;CORREA;DUTRA;20/11/1986
190621;GABRIEL;CORREA LUNA;ORGAZ;21/11/1986
190622;ALEJANDRO;CORREA LUNA;CAMP;22/11/1986
190623;NAIR ARLET;CORTALEZZI;ALVAREZ;23/11/1986
190624;PABLO;CORTES;BARRERA;24/11/1986
190625;ANTONIO;CORUJO;MERCEDES;25/11/1986
190626;MARÍA DEL CARMEN;CORUJO;MILAN;26/11/1986
190627;WILLIAM;CORUJO;GUARDIA;27/11/1986
190628;JOSE;COSENTINO;FERNANDEZ;28/11/1986
190629;MARIA AUXILIADORA;COSSE;BAUBETA;29/11/1986
190630;ANA CAROLINA;COSSE;GARRIDO;30/11/1986
190631;EDUARDO MARIO;COSTA;BARBATO;01/12/1986
190632;NILDA ESTHER;COSTA;FARIAS;02/12/1986
190633;IGNACIO;COSTA;DODERA;03/12/1986
190634;TABRE ROMAN;COSTA;ZAPARRART;04/12/1986
190635;RENEE;COSTA;MACHADO;05/12/1986
190636;ADRIANA;COSTA;FERREIRO;06/12/1986
190637;JOSE MAXIMINO;COSTA;VALVERDE;07/12/1986
190638;LUIS ROBERTO;COSTA;FERREIRO;08/12/1986
190639;MARIO MIGUEL;COSTA;GRECCO;09/12/1986
190640;NESTOR RAUL;FARIÑA;CIARDELLA;10/12/1986
190641;ALBERTO;COURIEL;CURIEL;11/12/1986
190642;HECTOR GABRIEL;COURTOISIE;BEYHAUT;12/12/1986
190643;FREDY EMILIO;COUSILLAS;PREZA;13/12/1986
190644;FELIX JAVIER;COUSILLAS;IGLESISAS;14/12/1986
190645;LIBER RAMON;COUSTARD;GONZALEZ;15/12/1986
190646;MARÍA VICTORIA;COUTO;VILAR;16/12/1986
190647;JOSE MARIA;COYA;ALBOA;17/12/1986
190648;FRANCISCO;CRECSI;NUÑEZ;18/12/1986
190649;MARIA CRISTINA;CRESPO;HARO;19/12/1986
190650;JUAN;CRISTINA;CHERALDI;20/12/1986
190651;IVONNE MARIE;CROCCO;PAZOS;21/12/1986
190652;VENTURA OFELIA;CROCE;NUNES;22/12/1986
190653;BEATRÍZ;CRUDELI;BRAVO;23/12/1986
190654;GUSTAVO ADOLFO;CRUZ;PEREYRA;24/12/1986
190655;DANUBIO;CRUZ;MELO;25/12/1986
190656;MARIA DE LOS ANGELES;CRUZ;RIVERO;26/12/1986
190657;LUIS;CUADRADO;ISASA;27/12/1986
190658;FERNANDO ARTEMIO;CUELLO;TOLEDO;28/12/1986
190659;ADAN;CUELLO;ROSA;29/12/1986
190660;BEATRIZ;CUENCA;FERNANDEZ;30/12/1986
190661;WALTER;CUEVAS;SANCHEZ;31/12/1986
190662;GABRIELA;CULTELLI;DELFINO;01/01/1987
190663;JUAN;CURBELO;DEL BOSCO;02/01/1987
190664;WASHINGTON ARIEL;CURBELO;MARTINEZ;03/01/1987
190665;CARINA;CURCI;FERRANDO;04/01/1987
190666;SERGIO CARLOS;CURTO;OCHOA;05/01/1987
190667;OSCAR;CURUTCHET;GAMBOA;06/01/1987
190668;MAURICIO;CUSANO;LUPACHINA;07/01/1987
190669;SERGIO NEY;D`OLIVEIRA;FRIONI;08/01/1987
190670;HOMERO HECTOR;DA COSTA PORTO;ANDRADE;09/01/1987
190671;ANTONIO;DA ROSA;NIVES BROCHI;10/01/1987
190672;LAURA;DA ROSA;SUM;11/01/1987
190673;EBER;DA ROSA;VAZQUEZ;12/01/1987
190674;JOSE PABLO;DA SILVA;ALMENAR;13/01/1987
190675;STELLA MARY;DA SILVA;TESSADRI;14/01/1987
190676;CRISTINA MARIA;DA SILVA;LASSALLE;15/01/1987
190677;RAMON ISMAEL;DA SILVA;ALMENAR;16/01/1987
190678;SANTOS RAMON;DA SILVA;NUÑEZ;17/01/1987
190679;ANA MARIA;BATOVSKY;SALIWONCHIK;18/01/1987
190680;SHIRLEY YANET;PEREIRA ;COLOMBO;19/01/1987
190681;JUAN CARLOS;DARDANO;LAYES;20/01/1987
190682;PABLO DANIEL;DALERA;OJEDA;21/01/1987
190683;MARTIN ISMAEL;DALGALARRONDO;AÑON;22/01/1987
190684;ATILIO LUIS NEY;DALL´ORSO;ODINO;23/01/1987
190685;SUSANA;DALMAS;GARCEN;24/01/1987
190686;BRUNO RODOLFO;D'AMADO;RILLA;25/01/1987
190687;ANABELLA ELIZABETH;DAMASCO;SOLARI;26/01/1987
190688;JOSE LUIS;DAMONTE;PELLAROLO;27/01/1987
190689;MARELLA ROSSANA;D'ANDREA;CASTRO;28/01/1987
190690;FERNANDO;DANIEL;GARCIA;29/01/1987
190691;FABIANA ESTELA;DANTA;RODRIGUEZ;30/01/1987
190692;JACQUELINE;DARDANO;ROSSINI;31/01/1987
190693;GUILLERMO;DATI;FERNANDEZ;01/02/1987
190694;MARCELO;DAUBER;MARTA;02/02/1987
190695;SILVIA OLGA;DAURIA;PRANDO;03/02/1987
190696;HUGO EMILIO;DAVILA;ESQUIVEL;04/02/1987
190697;SHIRLEY BEATRIZ;DE ARMAS;CAMACHO;05/02/1987
190698;ADRIANA MIRIAM;DE AZIZ;FOLIADOSO;06/02/1987
190699;ALEJANDRA;DE BELLIS;BONILLA;07/02/1987
190700;MAURICIO;DE BENEDETTI;SCAPULA;08/02/1987
190701;MAURO;DE CAMILLI;RAFFO;09/02/1987
190702;SYLVIA JUDITH;DE CAMILLI;HERMIDA;10/02/1987
190703;SUSANA TERESA;DE FEO;NAGGI;11/02/1987
190704;ANDRES PEDRO;DE GROSSI;LISTUR;12/02/1987
190705;MARIELA;DE GUIDA;SILVESTRI;13/02/1987
190706;LAURA;DE LA IGLESIA;MEDINA;14/02/1987
190707;RAUL OMAR;DE LA IGLESIA;MEDINA;15/02/1987
190708;ALBERTO ANDRES;DE LA IGLESIA;MEDINA;16/02/1987
190709;FERNANDO;DE LA PEÑA;GUTIERREZ;17/02/1987
190710;JOSE;DE LA ROSA;MACEDO;18/02/1987
190711;DANIEL;DE LEON;SANTOS;19/02/1987
190712;ROSARIO;DE LEON;MANZOR;20/02/1987
190713;WALTER ULISES;DE LEON;OJEDA;21/02/1987
190714;LEONARDO ENRIQUE;DE LEON;FRASCOLLA;22/02/1987
190715;WILMER DINER;DE LEON;LOPEZ;23/02/1987
190716;JUAN CARLOS;DE LEON;SARACHO;24/02/1987
190717;DANIEL;DE LEON;HUELMOS;25/02/1987
190718;HECTOR;DE LEON;FERNANDEZ;26/02/1987
190719;CARLOS ENRIQUE;DE LEON;TRAVIESO;27/02/1987
190720;LILA;DE LIMA;BELOQUI;28/02/1987
190721;JUAN JOSE;DE LOS SANTOS;MAISONAVE;01/03/1987
190722;DARCY;DE LOS SANTOS;SEVERGNINI;02/03/1987
190723;JULIO;DE LOS SANTOS;APESTEGUY;03/03/1987
190724;FELICIO;DE LOS SANTOS;MOREIRA;04/03/1987
190725;ROBERTO;DE LOS SANTOS;SUAREZ;05/03/1987
190726;OSCAR JOE;DE LOS SANTOS;PIRIZ;06/03/1987
190727;MARÍA ADRIANA;DE LOS SANTOS;ARIGONI;07/03/1987
190728;HORACIO DANIEL;DE LOS SANTOS;TOMAS;08/03/1987
190729;JOSE ALFREDO;DE MATTOS;DE MELLO;09/03/1987
190730;CARLOS;DE MELLO;TABOADA;10/03/1987
190731;EDILBERTO;DE OLIVEIRA;RODRIGUEZ;11/03/1987
190732;MARCELO ADAN;DE POLSI;CERRUTI;12/03/1987
190733;ANA MARGARITA;DE SALTERAIN;GUTIERREZ;13/03/1987
190734;HECTOR BARRET;DE SANTA ANA;ALVAREZ;14/03/1987
190735;PATRICIA;DE SANTIS;COSTA;15/03/1987
190736;BLANCA MARIELA;DE SOUZA;LOZANO;16/03/1987
190737;GONZALO;DE TORO;GONZALEZ;17/03/1987
190738;MARIA DEL PINO;DE VEGA;NAPOLI;18/03/1987
190739;VIVIEN DENISE;DEAMESTOY;MUSETTI;19/03/1987
190740;HUGO ALFREDO;DEBONE;IBERO;20/03/1987
190741;ENRIQUE LUIS;DECOUD;SERRA;21/03/1987
190742;GABRIEL EDUARDO;DEL RIO;NOBLE;22/03/1987
190743;AGUSTIN;DELEO;MAS;23/03/1987
190744;ALVARO LUIS;DELGADO;CERETTA;24/03/1987
190745;GUSTAVO RODOLFO;DELGADO;MLYNEK;25/03/1987
190746;JORGE;DELGADO;FERNANDEZ;26/03/1987
190747;DANIEL HUGO;DELGADO;SICCO;27/03/1987
190748;PABLO ALEJANDRO;DELGROSSO;ABRINIS;28/03/1987
190749;UMBERTO;DELLA MEA;PALUMBO;29/03/1987
190750;AMANDA ROSA;DELLA VENTURA;VALERIO;30/03/1987
190751;NILA MARIELA;DELOR;PEDROZO;31/03/1987
190752;MARIELLA;DEMARCO;BEROIS;01/04/1987
190753;ALLEN;DENBY;MONTALDO;02/04/1987
190754;MARTIN;DERSARKISIAN;APELIAN;03/04/1987
190755;BEATRIZ;DETOMASI;MAGGIOLO;04/04/1987
190756;MARCELO GABRIEL;DI BELLO;FRAGA;05/04/1987
190757;ADRIANA;DI GIOVANNI;NICOLA;06/04/1987
190758;RUBEN;DI GIOVANNI;SEQUEIRA;07/04/1987
190759;JOSE ENRIQUE;DI MARCO;SUAREZ;08/04/1987
190760;JUAN MIGUEL;DI RUOCCO;ALANIZ;09/04/1987
190761;JUN CARLOS;DIANO;OXLEY;10/04/1987
190762;JUAN JOSE;DIAZ;DIAZ;11/04/1987
190763;FABRICIO GONZALO;DIAZ;CANAVESSI;12/04/1987
190764;ALICIA;DIAZ;DE ROSSI;13/04/1987
190765;ORLANDO;DIAZ;LOPEZ;14/04/1987
190766;FRANCIA LIBRE;DIAZ;OLIVERA;15/04/1987
190767;JOSE GABRIEL;DIAZ;LANDONI;16/04/1987
190768;ALBERTO;DIAZ;ACOSTA;17/04/1987
190769;MARIO NELGAR;DIAZ;BIZERA;18/04/1987
190770;RAUL HECTOR;DIAZ;GORDILLO;19/04/1987
190771;JORGE GISLENO;DIAZ;ALMEIDA;20/04/1987
190772;MARIA DELCARMEN;DIAZ;SIERRA;21/04/1987
190773;ALBERTO;DIAZ;ACOSTA;22/04/1987
190774;JOSE ARIEL;DIAZ;PEREZ;23/04/1987
190775;MARTIN;DIBARBOURE;ROSSINI;24/04/1987
190776;PEDRO PABLO;DIGHIERO;ABENTE;25/04/1987
190777;IRMA LUCY;DINELLO;PENINO;26/04/1987
190778;CLAUDIA REBECA;DIPERNA;ACOSTA;27/04/1987
190779;RAFAEL ANGEL;DIRINGUER;SANTORO;28/04/1987
190780;ALVARO;DIZ;LLANES;29/04/1987
190781;SANDRA ROSELLA;DODERA;IRIGOYEN;30/04/1987
190782;LAURA ISABEL;DOGLIO;CASULLO;01/05/1987
190783;GUSTAVO A.;D'OLIVEIRA;MAILHE;02/05/1987
190784;GUILLERMO JOSE;DOMENECH;MARTINEZ;03/05/1987
190785;DORA;DOMENECH;BACCINO;04/05/1987
190786;MARIA ELVIRA;DOMINGUEZ;ALONSO;05/05/1987
190787;GUSTAVO;DOMINGUEZ;RUIZ;06/05/1987
190788;MARIA CRISTINA;DOMINGUEZ;MARTINEZ;07/05/1987
190789;JULIA ELIZABETH;DOMINGUEZ;BERGER;08/05/1987
190790;SHIRLEY MABEL;DOMINGUEZ;CAÑABATE;09/05/1987
190791;JUAN JOSE;DOMINGUEZ;DIAZ;10/05/1987
190792;DANIEL OSCAR;DOMINIONI;GHIGGIA;11/05/1987
190793;FRANCISCO JAVIER;DONNAGELO;CLEFFI;12/05/1987
190794;LEANDRO JOSE;DOS SANTOS;RODRIGUEAZ;13/05/1987
190795;ROBERTO ANIBAL;DOS SANTOS;RODRIGUEZ;14/05/1987
190796;NELSON;DOS SANTOS;MARIN;15/05/1987
190797;COSME DAVID;DOTI;GENTA;16/05/1987
190798;MARIA CRISTINA;DOTTA;BARDIER;17/05/1987
190799;LUCIA;DOTTI;CARVAJAL;18/05/1987
190800;ILEANA MARIA;DOYENART;LAMBANTOV;19/05/1987
190801;ALEJANDRO;DRAPER;PRADEIRO;20/05/1987
190802;ALVARO RICARDO;DUARTE;PEREZ;21/05/1987
190803;CARLOS PABLO;DUARTE;COUTO;22/05/1987
190804;FREDDY FABIAN;DUARTE;OBISPO;23/05/1987
190805;CANDIDO;DUARTE;FREITAS;24/05/1987
190806;MARLENE;DUARTE;CABRERA;25/05/1987
190807;SERGIO NICOLAS;DUARTE;FERNANDEZ;26/05/1987
190808;WALTER LUIS;DUARTE;ACOSTA;27/05/1987
190809;JUAN CARLOS;DUARTE;SENA;28/05/1987
190810;JORGE WILLIAM;DUBROCCA;AZOFEIFA;29/05/1987
190811;MARIA ALEJANDRA;DUFRECHOU;CASAL;30/05/1987
190812;NORALI;DUHALDE;ROCCI;31/05/1987
190813;ENRIQUE ADOLFO;DUPONT;GALIONE;01/06/1987
190814;EDUARDO CESAR;DUPONT;GALIONE;02/06/1987
190815;FERNANDO ARIEL;DURAN;SANCHEZ;03/06/1987
190816;MARCIANO;DURAN;AGUIRRE;04/06/1987
190817;CARLOS;DURAN;CLAUSTRE;05/06/1987
190818;GRACIELA MARIA;DURAN;ARSUAGA;06/06/1987
190819;ANABELL;DURAÑONA;GRAVIER;07/06/1987
190820;ALANA SILVIA;ECCHER;MACHADO;08/06/1987
190821;GRACIELA;ECHEGOYEN;ROJAS;09/06/1987
190822;GRACIELA SOFIA;ECHENIQUE;CAETANO;10/06/1987
190823;JUAN ARTURO;ECHEVARRIA;IGNATENCIO;11/06/1987
190824;ADRIANA MARIA ELENA;ECHEVARRIA;OLMOS;12/06/1987
190825;LEOPOLDO JAVIER;ECHEVERRIA;BESSONART;13/06/1987
190826;DIEGO EWARD;ECHEVERRIA;CASANOVA;14/06/1987
190827;ALBA INÉS;ECHEVERRY;CUENCA;15/06/1987
190828;JOSE;ECHEVESTE;COSTA;16/06/1987
190829;ADRIANA;EDELMAN;ROJLIN;17/06/1987
190830;ISABEL;EGUREN;BONILLA;18/06/1987
190831;PABLO ARTURO;EGUREN;CASAL;19/06/1987
190832;FEDERICO;EGUREN;GONZALEZ;20/06/1987
190833;RICARDO MARIO;EHRLICH;SZALMIAN;21/06/1987
190834;LUIS EDUARDO;EIREA;DENGRA;22/06/1987
190835;LILIÁN SOLANGE;ELHORRIBURU;ARIGON;23/06/1987
190836;EDUARDO;ELINGER;MELLO;24/06/1987
190837;JOSE;ELIZALDE;CESAR;25/06/1987
190838;EDUARDO;ELOSEGUI;PEREIRA;26/06/1987
190839;MARIA SILVIA;EMALDI;FICCIO;27/06/1987
190840;ELIANA;EMBID;ANTUNEZ;28/06/1987
190841;MARÍA ELENA;EMMENENGGER;GIAMBIASSI;29/06/1987
190842;ELSA MABEL;ENCISO;PEREZ;30/06/1987
190843;CARLOS FERNANDO;ENCISO;CHRISTIANSEN;01/07/1987
190844;EDUARDO;ENDERIZ;MARTINEZ;02/07/1987
190845;HENRY;ENGLER;GOLOVCHENKO;03/07/1987
190846;MARIA JACQUELINE;ENRIQUE;TOLEDO;04/07/1987
190847;KARLA ANDREA;ENSEÑAT;VITALE;05/07/1987
190848;MARCELO;ERLICH;ALEXANDROWIC;06/07/1987
190849;VICTOR HUGO;ERMINDA;CASULO;07/07/1987
190850;TABARE;ERRAMUSPE;RAFFO;08/07/1987
190851;JUANITA;ERRICO;MAIO;09/07/1987
190852;MARIA LOURDES;ERRO;AZCARTE;10/07/1987
190853;DANIEL GUSTAVO;ERSERGUER;TESTA;11/07/1987
190854;SEBASTIAN;ERVITI;ESTRADE;12/07/1987
190855;MAGDALENA;ESPILLAR;PULLERI;13/07/1987
190856;GRACIELA BEATRIZ;ESPINA;IBARGUREN;14/07/1987
190857;NELLY;ESPINO;RODRIGUEZ;15/07/1987
190858;MARIELA;ESPINO;LUCIA;16/07/1987
190859;GUSTAVO ADRIAN;ESPINOSA;MARMOL;17/07/1987
190860;LUIS DANIEL;ESPINOSA;TEIBO;18/07/1987
190861;DANIEL;ESPOSITO;VILLAGRAN;19/07/1987
190862;CARLOS MARIA;ESQUIBEL;COLOTTA;20/07/1987
190863;IRMA;ESQUIVEL;MALDONADO;21/07/1987
190864;ATILIO;ESQUIVEL;GAONA;22/07/1987
190865;PEDRO OMAR;ESTEVES;PEREIRA DE SOUZA;23/07/1987
190866;DANIEL;ESTEVES;GONZALEZ;24/07/1987
190867;ALFREDO;ESTEVEZ;RODRIGUEZ;25/07/1987
190868;MAUREN BEATRIZ;ESTEVEZ;ROSAS;26/07/1987
190869;RAUL EDUARDO;ESTRADE;GARCIA;27/07/1987
190870;RAUL JOSE;ESTRAMIL;BURIANO;28/07/1987
190871;JOSE LUIS;ETCHAMENDI;PIEGAS;29/07/1987
190872;ZULLY EMILIA;ETCHEVERRY;DELFINO;30/07/1987
190873;LUIS ALBERTO;ETCHEVERRY;PERAZA;31/07/1987
190874;SANDRA CLAUDIA;ETCHEVERRY;MEDINA;01/08/1987
190875;EDGARDO MATEO;ETTLIN;GUAZZO;02/08/1987
190876;GRACIELA MARIA;EUSTACHIO;COLOMBO;03/08/1987
190877;JUAN;EUSTATHIOU;HEREDIA;04/08/1987
190878;RAFAEL ANIBAL;EVIA;CANALE;05/08/1987
190879;ALVARO;EZCURRA;ZUGASTI;06/08/1987
190880;WILSON;EZQUERRA;MARTINOTTI;07/08/1987
190881;WILSON APARICIO;EZQUERRA;ALONSO;08/08/1987
190882;JUAN FREDY;FABRE;SANCHEZ;09/08/1987
190883;NESTOR  LUIS;FABRE;ARMAND  PILON;10/08/1987
190884;CARLOS ENRIQUE;FACET;ACOSTA;11/08/1987
190885;JORGE JULIO;FACHOLA;ZENANDE;12/08/1987
190886;GUSTAVO;FAGALDE;PERERA;13/08/1987
190887;SONIA;FAGIANI;VALDEZ;14/08/1987
190888;HERIBERTO;FAGUNDEZ;CABRERA;15/08/1987
190889;JOSE LUIS;FAGUNDEZ;BRAZEIRO;16/08/1987
190890;JUAN FRANCISCO;FAIG;GARICOITS;17/08/1987
190891;MA. DE LOS ANGELES;FAJARDO;RIEIRO;18/08/1987
190892;MARIA CRISTINA;FALCOMER;GUILLAMA;19/08/1987
190893;JOSE LUIS;FALERO;BERTOLA;20/08/1987
190894;EDUARDO;FAREZ;LIMA;21/08/1987
190895;MARIA CONSTANZA;FARFALLA;SALVO;22/08/1987
190896;VICTOR;FARIAS;MADRIGAL;23/08/1987
190897;MIGUEL;FARIAS;ARRIAGA;24/08/1987
190898;RODOLFO;FARIELLO;VALMAGGIA;25/08/1987
190899;ALEJANDRO;FERNADEZ;SANCHEZ;26/08/1987
190900;MARIA ELENA;FERNADEZ;ETULAIN;27/08/1987
190901;MA.DEL ROSARIO;FERNANDEZ;RUBILAR;28/08/1987
190902;SANDRO CHARLES;FERNANDEZ;INDA;29/08/1987
190903;OSVALDO RODOLFO;FERNANDEZ;MORIN;30/08/1987
190904;JULIO CESAR;FERNANDEZ;DA SILVA;31/08/1987
190905;HORACIO GUSTAVO;FERNANDEZ;DI MAGGIO;01/09/1987
190906;IRIS NADINA;FERNANDEZ;PUIG;02/09/1987
190907;EDUARDO RUBEN;FERNANDEZ;RODRIGUEZ;03/09/1987
190908;JAVIER;FERNANDEZ;BARBOZA;04/09/1987
190909;GLADYS;FERNANDEZ;BUSTOS;05/09/1987
190910;CLAUDIA FABIANA;FERNANDEZ;MARRERO;06/09/1987
190911;LUIS OMAR;FERNANDEZ;RODRIGUEZ;07/09/1987
190912;MARIA DEL ROSARIO;FERNANDEZ;SCHIAVO;08/09/1987
190913;MARIA CRISTINA;FERNANDEZ;ALBA;09/09/1987
190914;GABRIELA;FERNANDEZ;DI MAGGIO;10/09/1987
190915;SERRANA;FERNANDEZ;ARAUJO;11/09/1987
190916;EDUARDO;FERNANDEZ;DOVAT;12/09/1987
190917;JAVIER HERNAN;FERNANDEZ;PAREDES;13/09/1987
190918;JUAN CARLOS;FERNANDEZ;LECCHINI;14/09/1987
190919;LINA SILVIA;FERNANDEZ;LEMBO;15/09/1987
190920;NELSON MILTON;FERNANDEZ;FRANCESCH;16/09/1987
190921;ESTELA NORA;FERNANDEZ;GARDA;17/09/1987
190922;MIGUEL ANGEL;FERNANDEZ;GALEANO;18/09/1987
190923;JUAN;FERNANDEZ;GONZALEZ;19/09/1987
190924;JOSE HUGO;FERNANDEZ;DONANGELO;20/09/1987
190925;ELEUTERIO;FERNANDEZ;HUIDOBRO;21/09/1987
190926;MARIA DE LOS ANGELES;FERNANDEZ CHAVEZ;ALONSO;22/09/1987
190927;ADOLFO;FERNANDEZ DE LA VEGA;MENDEZ;23/09/1987
190928;JORGE LUIS;FERRANDO;GUTIERREZ;24/09/1987
190929;PABLO NICOLAS;FERRARI;SILVERA;25/09/1987
190930;WALTER ARIEL;FERRARI;IBARRA;26/09/1987
190931;ALDO;FERRARI;ARIAS;27/09/1987
190932;GRACIELA AZUCENA;FERRARI;ANTÓN;28/09/1987
190933;JORGE;FERRARI;BARBOZA;29/09/1987
190934;LUIS ALBERTO;FERRARI;TOMASINI;30/09/1987
190935;ANA MARIA;FERRARIS;BARRIOS;01/10/1987
190936;YAMANDU;FERRAZ;ZABALA;02/10/1987
190937;ARIEL EDISON;FERRE;RIGALI;03/10/1987
190938;HUGO GABRIEL;FERREIRA;QUIROS;04/10/1987
190939;NELSON;FERREIRA;DE MATTOS;05/10/1987
190940;JORGE;FERREIRA;OLIVEIRA;06/10/1987
190941;ALVARO GUSTAVO;FERREIRA;CHAVEZ;07/10/1987
190942;NIBIO;FERREIRA;SUAREZ;08/10/1987
190943;WALTER;FERREIRA;CORDERO;09/10/1987
190944;NELSON ALFONSO;FERREIRA;IZQUIERDO;10/10/1987
190945;JOSE;FERREIRA;CRUZ;11/10/1987
190946;WALDER;FERREIRA;LIMA;12/10/1987
190947;HUGO HEBER;FERREIRA;MARTINEZ;13/10/1987
190948;PATRICIA;FERREIRA;BRUM;14/10/1987
190949;OSCAR GERARDO;FERREÑO;PARODI;15/10/1987
190950;MARIA EUGENIA;FERRER;SUGO;16/10/1987
190951;JULIA MARGOT;FERRERO;DE LEON;17/10/1987
190952;SEBASTIAN;FERRERO;TEDESCO;18/10/1987
190953;MONICA;FERRERO;ALVAREZ;19/10/1987
190954;EDUARDO;FERRES;PACHECO;20/10/1987
190955;ORESTES;FIANDRA;CUCULIE;21/10/1987
190956;GERMAN;FIERRO;GRONROS;22/10/1987
190957;EMMA;FIERRO;COSTA;23/10/1987
190958;GUSTAVO ANGEL;FIGUEREDO;SUAREZ;24/10/1987
190959;JORGE ENRIQUE;FILIBERTO;CUNEO;25/10/1987
190960;ANGEL JOSE;FIORELLI;QUEIJO;26/10/1987
190961;BEATRIZ ANITA;FIORENTINO;FERREIRO;27/10/1987
190962;VICTOR ALEJANDRO;FIORONI;BASSO;28/10/1987
190963;JORGE WASHINGTON;FIRPO;DÁCOSTA;29/10/1987
190964;FRANCISCO;FLEITAS;NIGEZ;30/10/1987
190965;SANDRA;FLEITAS;VILLARREAL;31/10/1987
190966;JOSE ENRIQUE;FLORENCIO;VARELA;01/11/1987
190967;SUSANA RAQUEL;FLORES;DELGADO;02/11/1987
190968;MARIA CECILIA;FLORES;IBORRA;03/11/1987
190969;HECTOR ALBERTO;FLORIT;SERVETTI;04/11/1987
190970;MARIELA SILVA;FODDE;RIOS;05/11/1987
190971;GERARDO;FOGLIACCO;QUIRICI;06/11/1987
190972;GUSTAVO ALEJANDRO;FOLLE;UNGO;07/11/1987
190973;FELIX MARIO;FONT;SINGLET;08/11/1987
190974;FERNANDO DANIEL;FONTAN;MARTINEZ;09/11/1987
190975;RAUL NOCOLAS;FONTES;SOSA;10/11/1987
190976;RAMON ANGEL;FONTICIELLA;DE ABREU;11/11/1987
190977;NANCY STELLA;FONTORA;CARDOZO;12/11/1987
190978;STELLA MARIS;FORCADE;LOPEZ;13/11/1987
190979;RAFAEL;FORMOSO;BARRENECHE;14/11/1987
190980;MARIA JOSEFINA;FORNARO;BORDOLLI;15/11/1987
190981;MARIA GABRIELA;FOSSATI;AVILES;16/11/1987
190982;ROBERTO FRANCISCO;FRACHIA;BRAIDA;17/11/1987
190983;JUAN MARTIN;FRACHIA;ACUÑA;18/11/1987
190984;LUIS ALFREDO;FRAGA;AFFONSO;19/11/1987
190985;ALVARO JOSE;FRANCA;NEBOT;20/11/1987
190986;EDUARDO JORGE;FRANCO;VALENTE;21/11/1987
190987;MARIA DEL CARMEN;FRANCO;BURGUES;22/11/1987
190988;JUAN;FRANCO;MURTAGH;23/11/1987
190989;MIGUEL ANGEL;FRANCO;DULINSKAS;24/11/1987
190990;LEONEL;FRANZONI;ETCHEVERRY;25/11/1987
190991;LUIS ALFREDO;FRATTI;SILVEIRA;26/11/1987
190992;FRANCO;FREDUCCI;DA ROSA;27/11/1987
190993;CARLOS;FREIRA;PRADO;28/11/1987
190994;CESAR AUGUSTO;FREIRE;GONZALEZ;29/11/1987
190995;HEBER;FREITAS;TURNES;30/11/1987
190996;MARIELA RITA;FRESIA;BOSCHELE;01/12/1987
190997;GABRIEL;FRUGONI;VEGA;02/12/1987
190998;FLAVIO;FUCCARO;TELLECHEA;03/12/1987
190999;LUIS NICOLAS;FUCCARO;MURIEDA;04/12/1987
191000;JAIME;FUENTES;PEREYRA;05/12/1987
191001;DANIEL;FUENTES;DOMINGUEZ;06/12/1987
191002;SERGIO FEDERICO;FUICA;SEJAS;07/12/1987
191003;MARIA GABRIELA;FULCO;FERNANDEZ;08/12/1987
191004;MARIANELA;FUNTES;CASTRO;09/12/1987
191005;MARIO ENRIQUE;FURTADO;SANTURIO;10/12/1987
191006;ANNA LUCRECIA;FUSCO;CERULLO;11/12/1987
191007;BETRAIZ CRISTINA;FYNN;FERNANDEZ;12/12/1987
191008;JUAN ANTONIO;GABITO;ZOBOLI;13/12/1987
191009;JUAN ERNESTO;GADEA;BANEGA;14/12/1987
191010;GERARDO DANIEL;GADEA;DUARTE;15/12/1987
191011;DANIEL RODNEY;GADOLA;BENAVIDEZ;16/12/1987
191012;MARIA MARGARITA;GAGLIANO;MENENDEZ;17/12/1987
191013;MIGUEL ANGEL;GALAN;DEL SIGNORE;18/12/1987
191014;MARCELO DANIEL;GALARZA;SOSA;19/12/1987
191015;GABRIEL;GALLAND;TROISE;20/12/1987
191016;EDUARDO;GALLARETTA;MANNOCCI;21/12/1987
191017;HEBER ARTEMIS;GALLI;MARISTAN;22/12/1987
191018;FRANCISCO GUSTAVO;GALLINAL;NIETO;23/12/1987
191019;MATILDE VERONICA;GALLINAL;ALGORTA;24/12/1987
191020;FERNANDO EMILIANO;GAMARRA;BORCHE;25/12/1987
191021;JORGE LUIS;GAMARRA;SEBASTIAN;26/12/1987
191022;RODOLFO HUGO;GAMBINI;ITALIANO;27/12/1987
191023;ADOLFO CARLOS;GAMOU;FASANELLO;28/12/1987
191024;MA.DEL CARMEN;GANDARA;MOSQUERA;29/12/1987
191025;JORGE;GANDINI;PEREIRA;30/12/1987
191026;HUGO;GANDOGLIA;TEDESCO;31/12/1987
191027;ALVARO;GANDOLFO;ARMUA;01/01/1988
191028;HECTOR;GARBARINO;FREIRE;02/01/1988
191029;JOSE CLAUDIO;GARCHITORENA;FERREIRA;03/01/1988
191030;MA. DEL ROSARIO POMP;GARCIA;PELUFO;04/01/1988
191031;FERNANDO;GARCIA;MENENDEZ;05/01/1988
191032;CARLOS MARIO;GARCIA;IVANCHENKO;06/01/1988
191033;FERNANDO;GARCIA;PRECHAC;07/01/1988
191034;JAVIER FERNANDO;GARCIA;DUCHINI;08/01/1988
191035;MARIO LUIS;GARCIA;GONZALEZ;09/01/1988
191036;ALBERTO ADHEMAR;GARCIA;RIVERO;10/01/1988
191037;RUBEN HECTOR;GARCIA;BIANCHIMANO;11/01/1988
191038;ERIS EDUARDO;GARCIA;TESKE;12/01/1988
191039;MARIO;GARCIA;PETILLO;13/01/1988
191040;BEATRIZ DEL LUJAN;GARCIA;UMPIERREZ;14/01/1988
191041;HILARIO;GARCIA;BORGES;15/01/1988
191042;CARLOS ENRIQUE;GARCIA;BORGES;16/01/1988
191043;CARLOS OMAR;GARCIA;AGUIAR;17/01/1988
191044;ANA MARIA;GARCIA;DIAZ;18/01/1988
191045;ANGEL HUMBERTO;GARCIA;FRANCIA;19/01/1988
191046;JORGE WASHINGTON;GARCIA;PEREYRA;20/01/1988
191047;RICARDO JOSE;GARCIA;DESTEFFANI;21/01/1988
191048;CRISTINA;GARCIA;LUENGO;22/01/1988
191049;LUIS IGNACIO;GARCIA;AISHEMBERG;23/01/1988
191050;DANIEL EDUARDO;GARCIA;AZPIROZ;24/01/1988
191051;MARIO;GARCIA;BONSIGNORE;25/01/1988
191052;JOSE ALEJANDRO;GARCIA;OTEGUI;26/01/1988
191053;MARIA BEATRIZ;GARCIA;DUTRUEL;27/01/1988
191054;LUIS ALBERTO;GARCIA;MARTINEZ;28/01/1988
191055;MARIA DEL ROSARIO;GARCIA;RODRIGUEZ;29/01/1988
191056;RAUL GUSTAVO;GARCIA;GARCIA;30/01/1988
191057;EDGAR DANIEL;GARCIA;GUTIERREZ;31/01/1988
191058;ANALÍA;GARCIA;OBREGON;01/02/1988
191059;CARLOS;GARCIA;GUARAGLIA;02/02/1988
191060;LUIS GERARDO;GARCIA;TARRAGO;03/02/1988
191061;GARY HECTOR;GARCIA;GULARTE;04/02/1988
191062;CARLOS;GARCIA;MONTANER;05/02/1988
191063;JOSE MARIA;GARCIA DA ROSA;SAINT PASTEURS;06/02/1988
191064;DANIEL ROGELIO;GARCIA PINTOS;CAMPO;07/02/1988
191065;MILKA GIOVANNA;GARDELA;FERREIRA;08/02/1988
191066;NAPOLEON;GARDIOL;FAEDO;09/02/1988
191067;SILVIA;GARI;ABARACON;10/02/1988
191068;LUIS IGNACIO;GARIBALDI;LEZAMA;11/02/1988
191069;ADRIANA;GARICOITS;CALAFAT;12/02/1988
191070;LEONIE;GARICOITS;SEMBLAT;13/02/1988
191071;GRACIELA CORINA;GARIN;LANERI;14/02/1988
191072;FERNANDO AUGUSTO;GARIN;CAMEJO;15/02/1988
191073;DANIEL;GARIN;DE NARDO;16/02/1988
191074;JUAN MANUEL;GARINO;GRUSS;17/02/1988
191075;GABRIELA;GARRIDO;PEREZ;18/02/1988
191076;DANIEL;GASTAN;ROSTAGNOL;19/02/1988
191077;MARÍA CRISTINA;GATTI;CAMELO;20/02/1988
191078;GRACIELA SUSANA;GATTI;SANTANA;21/02/1988
191079;ESTELA ELSA;GAUDIN;REAL;22/02/1988
191080;JACQUELINE;GAY BALMAZ;MENDIZABAL;23/02/1988
191081;JOSE LUIS;GENTA;VARELA;24/02/1988
191082;HUGO GONZALO;GERIBON;HERRERA;25/02/1988
191083;ALFREDO G.;GERICKE;DIBELLA;26/02/1988
191084;OVIDIO;GERMAN;CURBELO;27/02/1988
191085;WASHINGTON ALBERTO;GERMANO;GOMEZ;28/02/1988
191086;OSCAR DANIEL;GESTIDO;DO CANTO;29/02/1988
191087;MARTIN ---;GESTO;RAMOS;01/03/1988
191088;LUIS ALBERTO;GETAL;BARAVRAN;02/03/1988
191089;HERIBERTO OMAR;GHIBAUDI;IGLESIAS;03/03/1988
191090;ALICIA ALBA;GHIONE;CORE;04/03/1988
191091;ALBERTO LAMAS;GIAMBRUNO;VOLPI;05/03/1988
191092;SUSANA BEATRIZ;GIANARELLI;CANTOU;06/03/1988
191093;SILVANA MARIA;GIANERO;DEMARCO;07/03/1988
191094;IGNACIO;GIGENA;BELLOSO;08/03/1988
191095;MARIA CRISTINA;GIL;JIMENEZ DE ARECHAGA;09/03/1988
191096;ALEJANDRO GABRIEL;GIL;CAPUTTO;10/03/1988
191097;ROLANDO DANIEL;GILARDONI;AVALLE;11/03/1988
191098;ANA CARINA;GILGORRI;NOBLE;12/03/1988
191099;LEONARDO;GIMENEZ;ACUÑA;13/03/1988
191100;MARIO;GIMENEZ;TEXEIRA;14/03/1988
191101;VIRGINIA ISABEL;GINARES;ECHENIQUE;15/03/1988
191102;MARIA RAQUEL;GINI;CASAS;16/03/1988
191103;PEDRO;GIORDANO;LUZARDO;17/03/1988
191104;MARTHA;GIORDANO;ECHEVERRIA;18/03/1988
191105;ALEJANDRO;GIORELLO;VARELA;19/03/1988
191106;VICTOR ALBERTO;GIORGI;GOMEZ;20/03/1988
191107;MARIA DEL CARMEN;GIRALDEZ;VIÑA;21/03/1988
191108;MARTHA;GIUDICE;PERRETT;22/03/1988
191109;RAUL BARTOLOME;GIURIA;BARBOT;23/03/1988
191110;ANIBAL;GLOODTDOFSKY;FERNANDEZ;24/03/1988
191111;RAUL;GLOODTDOFSKY;FERNANDEZ;25/03/1988
191112;ROBERTO ANDRES;GODOY;PEREZ;26/03/1988
191113;LUIS EDUARDO;GOGGIA;CASTRO;27/03/1988
191114;NANNER;GOITIÑO;ARIGON;28/03/1988
191115;CRISTINA ---;GOITIÑO;CROCE;29/03/1988
191116;GUSTAVO ANGEL;GOMEZ;GERMANO;30/03/1988
191117;JUAN ANGEL;GOMEZ;CANESSA;31/03/1988
191118;OSCAR ALFREDO;GOMEZ;DA TRINDADE;01/04/1988
191119;JUAN ANGEL;GOMEZ;CANESSA;02/04/1988
191120;JUAN;GOMEZ;DUARTE;03/04/1988
191121;JOSÉ MARÍA;GOMEZ;FERREYRA;04/04/1988
191122;LOLA MARGARITA;GOMEZ;NUÑEZ;05/04/1988
191123;ALFREDO DARIO;GOMEZ;TEDESCHI;06/04/1988
191124;RICARDO;GOMEZ;ARIGON;07/04/1988
191125;PALABIO GUILLERMO;GOMEZ;FERNANDEZ;08/04/1988
191126;SONIA ANA;GOMEZ;COYTO;09/04/1988
191127;MARTA;GOMEZ HAEDO;ALONSO;10/04/1988
191128;NATALIA;GONZALEZ;SILVA;11/04/1988
191129;JUAN CARLOS;GONZALEZ;ARRIETA;12/04/1988
191130;M CRISTINA;GONZALEZ;DIAZ;13/04/1988
191131;AIDA CRISTINA;GONZALEZ;ZAS;14/04/1988
191132;ANA GABRIELA;GONZALEZ;GARGANO;15/04/1988
191133;ANA INES;GONZALEZ;NIETO;16/04/1988
191134;PEDRO;GONZALEZ;BEDAT;17/04/1988
191135;MIGUEL ANGEL;GONZALEZ;RODRIGUEZ;18/04/1988
191136;FLAVIANO;GONZALEZ;PEÑA;19/04/1988
191137;JULIO ALEXIS;GONZALEZ;SARACHO;20/04/1988
191138;EDUARDO;GONZALEZ;OLALDE;21/04/1988
191139;HECTOR ANIBAL;GONZALEZ;FONSECA;22/04/1988
191140;HORACIO ROQUE;GONZALEZ;ZUNINO;23/04/1988
191141;PABLO;GONZALEZ;MENDEZ;24/04/1988
191142;MANUEL;GONZALEZ;MENDEZ;25/04/1988
191143;PABLO;GONZALEZ;RODRIGUEZ;26/04/1988
191144;JOSE LUIS;GONZALEZ;ROCHA;27/04/1988
191145;JOSE ADRIAN;GONZALEZ;RODRIGUEZ;28/04/1988
191146;GRACIELA;GONZALEZ;LOPEZ;29/04/1988
191147;MARIA CRISTINA;GONZALEZ;RODRIGUEZ;30/04/1988
191148;RAQUEL;GONZALEZ;TORNARIA;01/05/1988
191149;RENEE;GONZALEZ;SILVA;02/05/1988
191150;CESAR;GONZALEZ;RIZZO;03/05/1988
191151;FERNANDO;GONZALEZ;RODRIGUEZ;04/05/1988
191152;ADRIANA MARIA;GONZALEZ;BANFI;05/05/1988
191153;IRENE;GONZALEZ;PINO;06/05/1988
191154;ELBIO;GONZALEZ;OLIVERA;07/05/1988
191155;ALVARO GUSTAVO;GONZALEZ;GONZALEZ;08/05/1988
191156;MÓNICA PATRICIA;GONZALEZ;GONZALEZ;09/05/1988
191157;ALBERTO FLORENTINO;GONZALEZ;BUCETA;10/05/1988
191158;ENRIQUE JAVIER;GONZALEZ;ACUÑA;11/05/1988
191159;RICARDO EFRAIN;GONZALEZ;ARENAS;12/05/1988
191160;JOSE RODRIGO;GOÑI;ROMERO;13/05/1988
191161;RODRIGO;GOÑI;REYES;14/05/1988
191162;TABARE;GORDIOLA;FERNANDEZ;15/05/1988
191163;MARIA ESTHER;GRADIN;ROMERO;16/05/1988
191164;JULIO AGUSTÍN;GRANDE;GABITO;17/05/1988
191165;HORACIO HUGO;GRANERO;GARCIA;18/05/1988
191166;MARGARITA MARÍA;GRAÑA;ARROSPIDE;19/05/1988
191167;ANTONIO;GRAÑA;AGUILAR;20/05/1988
191168;URUGUAY EMILIO;GRAÑA;CASTELLANOS;21/05/1988
191169;ALBERTO RAMIRO;GRAÑA;GARCIA;22/05/1988
191170;FERNANDO;GRASSO;REZK;23/05/1988
191171;PABLO LUIS;GRASSO;ALFARO;24/05/1988
191172;ADRIANA CECILIA;GRAZIUSO;PICCINI;25/05/1988
191173;OSCAR RODOLFO;GRECCO;LOURIDO;26/05/1988
191174;LESLIE GLENN;GREEN;MEDINA;27/05/1988
191175;RICARDO MARIO;GRIEN;PLACHOT;28/05/1988
191176;OSCAR ABDON;GROBA;ARRIONDO;29/05/1988
191177;JUAN DANIEL;GRONRROS;AGUIAR;30/05/1988
191178;VERONICA;GUADALUPE;MOSTEIRO;31/05/1988
191179;CARLOS ENRIQUE;GUARIGLIA;GONZALEZ;01/06/1988
191180;MARÍA CRISTINA;GUARINO;MALVASIO;02/06/1988
191181;LUIS PABLO;GUARINO;ESTEVES;03/06/1988
191182;OLGA MAGDALENA;GUARINO;NAVAS;04/06/1988
191183;HUGO A.;GUARNIERI;PRIETO;05/06/1988
191184;JULIO CESAR;GUARTECHE;TERRIN;06/06/1988
191185;LAURA INES;GUASCH;MASSONS;07/06/1988
191186;DANIEL ALBERTO;GUASCO;ASENJO;08/06/1988
191187;PEDRO GUSTAVO;GUEDES;MACHADO;09/06/1988
191188;FLAVIA;GUEDES;VAZQUEZ;10/06/1988
191189;PEDRO GUSTAVO;GUEDES;MACHADO;11/06/1988
191190;IRENE BETRAIZ;GÜENAGA;LAGUARDIA;12/06/1988
191191;FELIX;GUERRA;GARCIA;13/06/1988
191192;MARIO;GUERRERO;NIETO;14/06/1988
191193;CESAR GUSTAVO;GUERRERO;PALERMO;15/06/1988
191194;EDUARDO FERNÁN;GUEVARA;ARECO;16/06/1988
191195;MIRTHA;GUIANZE;RODRIGUEZ;17/06/1988
191196;MABEL MARÍA;GUIDO;PESCE;18/06/1988
191197;HECTOR ASDRUBAL;GUIDO;SAN MARTIN;19/06/1988
191198;ALEJANDRO DANTE;GUIDO;MANGINO;20/06/1988
191199;JOAQUIN ERASMO;GUIJARRO;PRESA;21/06/1988
191200;ALVARO LUIS;GUINEA;DIAZ;22/06/1988
191201;ELISA GISELLE;GUPER;SILVER;23/06/1988
191202;MYRIAM JACQUELINE;GURRUCHAGA;GOMEZ;24/06/1988
191203;JULIO DANIEL;GUTIERREZ;PEREZ;25/06/1988
191204;JAVIER ENRIQUE;GUTIERREZ;PERERA;26/06/1988
191205;HUGO ROBERTO;GUTIERREZ;VITALE;27/06/1988
191206;DANIEL IBERICO;GUTIERREZ;PROTO;28/06/1988
191207;PABLO ANTONIO;GUTIERREZ;BRUM;29/06/1988
191208;DANIEL CARLOS;GUTIERREZ RIVERA;CARBONELL;30/06/1988
191209;PEDRO PANCRACIO;HACKENBRUCH;PENA;01/07/1988
191210;TABARE YAMANDU;HACKENBRUCH;LEGNANI;02/07/1988
191211;NANCY;HAGOPIAN;KASPARIAN;03/07/1988
191212;JULIO;HALTY;BERTOLA;04/07/1988
191213;JOSE PEDRO;HARGUINDEGUY;REYES;05/07/1988
191214;RICARDO ALBERTO;HARRIAGUE;SACCONE;06/07/1988
191215;RUBEN JORGE;HARTMANN;GONZALEZ;07/07/1988
191216;DANIEL;HAURET;RAMPONI;08/07/1988
191217;LUIS ALBERTO;HEBER;FONTANA;09/07/1988
191218;RONALD ALEXANDER;HEBERT;NADAL;10/07/1988
191219;ELIDA HELENA;HEINZEN;GONZALEZ;11/07/1988
191220;ALEJANDRO;HENRY;RODRIGUEZ;12/07/1988
191221;ANDRES;HERMIDA;GARCIA;13/07/1988
191222;ANAHI;HERMIDA;GALAN;14/07/1988
191223;CARLOS WASHINGTON;HERNADEZ;RUIZ;15/07/1988
191224;SILVIO;HERNANDEZ;FRAGA;16/07/1988
191225;BERNANRDO NAHUEL;HERNANDEZ;PUMAR;17/07/1988
191226;ELSA;HERNANDEZ;GOMEZ;18/07/1988
191227;PEDRO;HERNANDEZ;ARAUJO;19/07/1988
191228;NERINA;HERNANDEZ;RODRIGUEZ;20/07/1988
191229;EDWARD;HERNANDEZ;MARTINEZ;21/07/1988
191230;ALEJANDRO;HERNANDEZ;MORALES;22/07/1988
191231;PATRICIA ELIZABETH;HERNANDEZ;SANCHEZ;23/07/1988
191232;HORACIO;HERNANDEZ;ARMESTO;24/07/1988
191233;RUBI DARDO;HERRERA;MONTENEGRO;25/07/1988
191234;ANAHI ELSA;HERRERA;PEREZ;26/07/1988
191235;LEONARDO;HESPANHOL;PASTORINI;27/07/1988
191236;LUIS CARLOS;HEUHS;TEXEIRA;28/07/1988
191237;LUIS;HIERRO;LOPEZ;29/07/1988
191238;MARIANA;HILL;LAVISTA;30/07/1988
191239;IDA;HOLZ;BARD;31/07/1988
191240;RUBEN JOEL;HOSTA;SOSA;01/08/1988
191241;ADELA ISABEL;HOUNIE;GONZALEZ;02/08/1988
191242;FELIPE JAVIER;HOUNIE;SANCHEZ;03/08/1988
191243;ADELA ISABEL;HOUNIE;GONZALEZ;04/08/1988
191244;RICARDO OMAR;HOURDEBAIGT;ESPONDA;05/08/1988
191245;JOSE WALTER;HUALDE;SILVA;06/08/1988
191246;DANTE WALDEMAR;HUBER;TELECHEA;07/08/1988
191247;HEDWIN EMILIO;HUGO;BRATSCHI;08/08/1988
191248;LILIÁN;IBARGOYEN;OBIOL;09/08/1988
191249;DOREEN JAVIER;IBARRA;FERREIRA;10/08/1988
191250;MILTON;IBARRA;DE LEON;11/08/1988
191251;SILVANA MARIA;IBARRA;ZANGARI;12/08/1988
191252;NANCY LUJAN;IBARRA;DEL PRETTI;13/08/1988
191253;ALBERTO MARTIN;IGLESIAS;CASAL RIBEIRO;14/08/1988
191254;JESUS JORGE;IGLESIAS;VILLOZ;15/08/1988
191255;VERONICA;IGLESIAS;LUCCHELLI;16/08/1988
191256;ANDRES CONO;IGLESIAS;PASTORINO;17/08/1988
191257;MARIA ESTELA;ILUNDAIN;BARAÑANO;18/08/1988
191258;GASTON;INDA;CORVO;19/08/1988
191259;NELSON RAFAEL;INFANTE;AMARO;20/08/1988
191260;EDUARDO;INFANTOZZI;PAOLINO;21/08/1988
191261;MARIA DEL PILAR;INFANZON;ACOSTA;22/08/1988
191262;WALTER SANTIAGO;INGOLD;MARIOTTA;23/08/1988
191263;CLAUDIO JAVIER;INVERNIZZI;ALPEROVICH;24/08/1988
191264;DIEGO;IRABEDRA;MARTINOL;25/08/1988
191265;MIGUEL;IRAOLA;RODRIGUEZ;26/08/1988
191266;DIEGO REYNALDO;IRAZABAL;TIDEMANN;27/08/1988
191267;BENJAMIN EDUARDO;IRAZABAL;CALLERI;28/08/1988
191268;HÉCTOR RICARDO;IRIARTE;ESPINO;29/08/1988
191269;DANIEL;IRIBARREN;ESTRADE;30/08/1988
191270;GUSTAVO;IRIBARREN;BUSSO;31/08/1988
191271;RPDOLFO MARTIN;IRIGOYEN;GETTE;01/09/1988
191272;ARTIGAS RUBEN;IROLDI;NOGUERA;02/09/1988
191273;RUTH;IRURETA;LIOTTI;03/09/1988
191274;ERNESTO;IRURUETA;ORTIZ;04/09/1988
191275;MIGUEL ANGEL;ISAZA;MUÑIZ;05/09/1988
191276;ARIADNA;ISLAS;BUSCASSO;06/09/1988
191277;MILTON EUGENIO;ITUARTE;MORENO;07/09/1988
191278;LUIS;ITUARTE;GONZALEZ;08/09/1988
191279;PABLO LUIS;ITURRALDE;VIÑAS;09/09/1988
191280;BERNANRDO ENRIQUE;ITURRALDE;LOPEZ;10/09/1988
191281;LUIS A.;ITURRIA;CANO;11/09/1988
191282;MONICA LOURDES;IVANOVICH;OUJO;12/09/1988
191283;MARY;IZAGUIRRE;VILLALOBOS;13/09/1988
191284;JUAN;JACOBO;ARGUELLO;14/09/1988
191285;FRANCISCO MARIA;JAUREGUI;GIUPPONI;15/09/1988
191286;JUVENAL MARÍA;JAVIER;CACERES;16/09/1988
191287;BLAS ALBERTO;JELPO;SOULAGE;17/09/1988
191288;INES;JIMENEZ DE ARECHAGA;VERHULST;18/09/1988
191289;CECILIA ROXANA;JONES;SOMOGYI;19/09/1988
191290;FERNANDO;JORAJURIA;LAMAS;20/09/1988
191291;JOHN ROBERT;JOURDAN;NEGREIN;21/09/1988
191292;GINNA VERONICA;JOURDAN;SENA;22/09/1988
191293;JORGE LEONIDAS;JOUROFF;HAZOT;23/09/1988
191294;GONZALO;JUANICO;SAYAGO;24/09/1988
191295;JOSE LUIS;JUAREZ;BRAMBILLASCA;25/09/1988
191296;ESTELA MARI;JUBETTE;PESCE;26/09/1988
191297;MARIO RAUL;JUBIN;CRISPIERE;27/09/1988
191298;LILIANA;JURE;HERNANDEZ;28/09/1988
191299;EDI WILLIAM;JURI;CRAVIOLO;29/09/1988
191300;JOSE ANTONIO;KAMAID;TOTH;30/09/1988
191301;GABRIEL;KAPLUN;HIRSZ;01/10/1988
191302;NORMA LILIAM;KECHICHIAN;GARCIA;02/10/1988
191303;CLAUDIA GISELLE;KELLAND;TORRES;03/10/1988
191304;FLORENCE;KEUROGLIAN;GOMEZ;04/10/1988
