1;189956;INGENIERIA AGRONOMICA;1;1
2;189957;MEDICINA VETERINARIA;2;2
3;189958;ZOOTECNIA;3;3
4;189959;DISEÑO GRAFICO;4;4
5;189960;DISEÑO INDUSTRIAL;5;5
6;189961;CINE Y TELEVISION;6;6
7;189962;ENFERMERIA;7;7
8;189963;FISIOTERAPIA;8;8
9;189964;MEDICINA;9;9
10;189965;NUTRICION Y DIETETICA;10;10
11;189966;ODONTOLOGIA;11;11
12;189967;TERAPIA OCUPACIONAL;12;12
13;189968;ANTROPOLOGIA;13;13
14;189969;PSICOLOGIA;14;14
15;189970;TRABAJO SOCIAL;15;15
16;189971;SOCIOLOGIA;16;16
17;189972;DERECHO;17;17
18;189973;ECONOMIA;18;18
19;189974;ADMINISTRACION DE EMPRESAS;19;19
20;189975;FILOSOFIA;20;20
21;189976;HISTORIA;21;21
22;189977;LITERATURA;22;22
23;189978;FILOLOGIA E IDIOMAS;23;23
24;189979;INGENIERIA AGRICOLA;24;24
25;189980;INGENIERIA CIVIL;25;25
26;189981;INGENIERIA DE SISTEMAS;26;26
27;189982;INGENIERIA ELECTRICA;27;27
28;189983;INGENIERIA MECANICA;28;28
29;189984;INGENIERIA QUIMICA;29;29
30;189985;ARQUITECTURA;30;30
31;189986;BIOLOGIA;31;31
32;189987;ESTADISTICA;32;32
33;189988;FISICA;33;33
34;189989;GEOLOGIA;34;34
35;189990;MATEMATICAS;35;35
36;189991;QUIMICA;36;36
37;189992;FARMACIA;37;37
38;189993;ESPECIALIDAD EN CIRUGIA GENERAL;38;38
39;189994;ESPECIALIDAD EN CIRUGIA PEDIATRICA;39;39
40;189995;ESPECIALIDAD EN CIRUGIA PLASTICA;40;40
41;189996;ESPECIALIDAD EN DERMATOLOGIA;41;41
42;189997;ENFERMERIA CARDIO RESPIRATORIA;42;42
43;189998;ESPECIALIDAD EN ESTOMATOLOGIA PEDRIATICA;43;43
44;189999;ESPECIALIDAD EN GASTROENTEROLOGIA;44;44
45;190000;ESPECIALIDAD EN OBSTETRICIA Y GINECOLOGIA;45;45
46;190001;MEDICINA FISICA Y REHABILITACION;46;46
47;190002;ESPECIALIDAD EN MEDICINA INTERNA;47;47
48;190003;ESPECIALIDAD EN NEUROCIRUGIA;48;48
49;190004;ESPECIALIDAD EN OFTALMOLOGIA;49;49
50;190005;ESPECIALIDAD EN ORTODONCIA;50;50
51;190006;ESPECIALIDAD EN ORTOPEDIA Y TRAUMATOLOGIA;51;51
52;190007;ESPECIALIDAD EN OTORRINOLARINGOLOGIA;52;52
53;190008;ESPECIALIZACION EN PATOLOGIA INFECCIOSA;53;53
54;190009;ESPECIALIDAD EN PEDIATRIA;54;54
55;190010;ESPECIALIDAD EN PSIQUIATRIA;55;55
56;190011;ESPECIALIDAD EN RADIOLOGIAS;56;56
57;190012;ESPECIALIDAD EN REUMATOLOGIA;57;57
58;190013;ESPECIALIDAD EN UROLOGIA;58;58
59;190014;ESPECIALIDAD EN ENDOCRINOLOGIA;59;59
60;190015;ESPECIALIZACION EN SALUD OCUPACIONAL;60;60
61;190016;ESPECIALIZACION EN ENFERMERIA MATERNA  ;61;61
62;190017;ESPECIALIDAD EN ANESTESIOLOGIA Y REANIMACION;62;62
63;190018;ESPECIALIDAD EN NEUMOLOGIA CLINICA;63;63
64;190019;ESPECIALIDAD EN PATOLOGIA ANATOMICA Y CLINICA;64;64
65;190020;ESPECIALIDAD EN NEUROLOGIA CLINICA;65;65
66;190021;ESPECIALIZACION EN PSICOLOGIA DE LA SALUD;66;66
67;190022;ESPECIALIZACION EN DERECHO DEL TRABAJO;67;67
68;190023;ESPECIALIZACION EN DERECHO ADMINISTRATIVO;68;68
69;190024;INSTITUCIONES JURIDICO-PENALES;69;69
70;190025;ESPECIALIZACION EN SISTEMAS;70;70
71;190026;ESPECIALIZACION EN TRANSPORTES;71;71
72;190027;ESPECIALIZACION EN GEOTECNIA;72;72
73;190028;ESPECIALIZACION EN INGENIERIA ELECTRICA;73;73
74;190029;ESPECIALIZACION EN INGENIERIA AMBIENTAL;74;74
75;190030;ESPECIALIZACION EN RECURSOS HIDRAULICOS;75;75
76;190031;CIENCIA Y TECNOLOGIA DE ALIMENTOS;76;76
77;190032;ESPECIALIZACION EN ESTRUCTURAS;77;77
78;190033;ESPECIALIZACION EN MATEMATICA AVANZADA;78;78
79;190034;ESPECIALIZACION EN CIENCIAS FISICAS;79;79
80;190035;ESPECIALIZACION EN FARMACOLOGIA;80;80
81;190036;ESPECIALIZACION EN ESTADISTICA;81;81
82;190037;MAESTRIA EN SALUD Y PRODUCCION ANIMAL;82;82
83;190038;MAESTRIA EN GENETICA HUMANA;83;83
84;190039;MAESTRIA EN SALUD PUBLICA;84;84
85;190040;MAESTRIA EN ENFERMERIA;85;85
86;190041;MAESTRIA EN SOCIOLOGIA;86;86
87;190042;MAESTRIA EN HISTORIA;87;87
88;190043;MAESTRIA EN FILOSOFIA;88;88
89;190044;MAESTRIA EN LINGUISTICA;89;89
90;190045;INGENIERIA DE SISTEMAS Y COMPUTACION;90;90
91;190046;INGENIERIA ELECTRICA;91;91
92;190047;INGENIERIA QUIMICA;92;92
93;190048;TRANSPORTES;93;93
94;190049;INGENIERIA DE MATERIALES Y PROCESOS;94;94
95;190050;RECURSOS HIDRAULICOS;95;95
96;190051;GEOTECNIA;96;96
97;190052;ESTRUCTURAS;97;97
98;190053;MAESTRIA EN HISTORIA Y ARTE ;98;98
99;190054;MAESTRIA EN URBANISMO;99;99
100;190055;ESTADISTICA;100;100
101;190056;FISICA;101;101
102;190057;MICROBIOLOGIA;102;102
103;190058;MATEMATICAS;103;103
104;190059;QUIMICA;104;1
105;190060;FARMACOLOGIA;105;2
106;190061;DOCTORADO EN FILOSOFIA;106;3
107;190062;DOCTORADO EN QUIMICA;107;4
108;190063;DOCTORADO EN FISICA;108;5
109;190064;INGENIERIA AGRONOMICA;109;6
110;190065;ECONOMIA;110;7
111;190066;HISTORIA;111;8
112;190067;INGENIERIA AGRICOLA;112;9
113;190068;INGENIERIA CIVIL;113;10
114;190069;INGENIERIA DE MINAS Y METALURGIA;114;11
115;190070;INGENIERIA DE PETROLEOS;115;12
116;190071;INGENIERIA ELECTRICA;116;13
117;190072;INGENIERIA INDUSTRIAL;117;14
118;190073;INGENIERIA MECANICA;118;15
119;190074;INGENIERIA QUIMICA;119;16
120;190075;INGENIERIA FORESTAL;120;17
121;190076;INGENIERIA ADMINISTRATIVA;121;18
122;190077;INGENIERIA GEOLOGICA;122;19
123;190078;ARQUITECTURA;123;20
124;190079;CONSTRUCCION;124;21
125;190080;MATEMATICAS;125;22
126;190081;PLANEACION URBANO REGIONAL;126;23
127;190082;RECURSOS HIDRAULICOS;127;24
128;190083;ESPECIALIZACION EN MATEMATICA AVANZADA;128;25
129;190084;ESPECIALIZACION EN ESTADISTICA;129;26
130;190085;MAESTRIA EN HISTORIA;130;27
131;190086;MAESTRIA EN INGENIERIA - INGENIERIA DE SISTEMAS;1;28
132;190087;MAESTRIA EN INGENIERIA - RECURSOS HIDRAULICOS;2;29
133;190088;MAESTRIA EN ESTUDIOS URBANO - REGIONALES;3;30
134;190089;MAESTRIA EN CIENCIAS - ESTADISTICA;4;31
135;190090;MAESTRIA EN MATEMATICAS;5;32
136;190091;MAESTRIA  CONSERVACION AMBIENTAL;6;33
137;190092;ZOOTECNIA;7;34
138;190093;INGENIERIA AGRICOLA;8;35
139;190094;LICENCIATURA EN MUSICA;9;36
140;190095; DISEÑO TECNOLOGICO ;10;37
141;190096;LICENCIATURA EN EDUCACION PREESCOLAR;11;38
142;190097;LICENCIATURA EN PSICOLOGIA Y PEDAGOGIA;12;39
143;190098; EDUCACION ESPECIAL;13;40
144;190099;LICENCIATURA EN EDUCACION FISICA;14;41
145;190100;EDUCACION BASICA  EN CIENCIAS SOCIALES;15;42
146;190101;EDUCACION BASICA LENGUAS EXTRANJERAS;16;43
147;190102;EDUCACION  EN HUMANIDADES ;17;44
148;190103;LICENCIATURA EN ELECTRONICA;18;45
149;190104;LICENCIATURA EN FISICA;19;46
150;190105;LICENCIATURA EN MATEMATICAS;20;47
151;190106;LICENCIATURA EN QUIMICA;21;48
152;190107;LICENCIATURA EN BIOLOGIA;22;49
153;190108;ESPECIALIZACION EN EDUCACION MATEMATICA;23;50
154;190109;CIENCIAS PARA EL NIVEL BASICO;24;51
155;190110;PEDAGOGIA DEL ENTRENAMIENTO DEPORTIVO;25;52
156;190111;ADMINISTRACION DE LA EDUCACION FISICA;26;53
157;190112;ESPECIALIZACION EN  INFORMACION;27;54
158;190113;MAESTRIA EN EDUCACION CON ENFASIS  ESCOLAR;28;55
159;190114;MAESTRIA EN PEDAGOGIA DE LA TECNOLOGIA;29;56
160;190115;MAESTRIA EN SOCIOLOGIA DE LA EDUCACION;30;57
161;190116;MAESTRIA EN DESARROLLO EDUCATIVO Y SOCIAL;31;58
162;190117;TECNOLOGIAS DE LA INFORMACION;32;59
163;190118;MAESTRIA EN DOCENCIA DE LA FISICA;33;60
164;190119;MAESTRIA EN DOCENCIA DE LA MATEMATICA;34;61
165;190120;MAESTRIA EN DOCENCIA DE LA QUIMICA;35;62
166;190121;TECNOLOGIA EN MERCADEO AGROPECUARIO;36;63
167;190122;LICENCIATURA EN ARTES PLASTICAS;37;64
168;190123;LICENCIATURA EN MUSICA;38;65
169;190124;LICENCIATURA EN EDUCACION PREESCOLAR;39;66
170;190125;PSICOPEDAGOGIA;40;67
171;190126;LICENCIATURA EN EDUCACION BASICA PRIMARIA;41;68
172;190127;EDUCACION FISICA;42;69
173;190128;LICENCIATURA EN CIENCIAS SOCIALES;43;70
174;190129; IDIOMAS MODERNOS ESPAÑOL- INGLES;44;71
175;190130;LICENCIATURA EN MATEMATICAS Y FISICA;45;72
176;190131;LICENCIATURA EN BIOLOGIA Y QUIMICA;46;73
177;190132;ENFERMERIA;47;74
178;190133;ECONOMIA;48;75
179;190134;ADMINISTRACION DE EMPRESAS;49;76
180;190135;INGENIERIA DE TRANSPORTE Y VIAS;50;77
181;190136;INGENIERIA METALURGICA;51;78
182;190137;INGENIERIA AGRONOMICA;52;79
183;190138;ESPECIALIZACION EN ARCHIVISTICA;53;80
184;190139;ESPECIALIZACION EN FINANZAS;54;81
185;190140;GERENCIA EN MERCADOTECNIA;55;82
186;190141;MAESTRIA EN GEOGRAFIA;56;83
187;190142;MAESTRIA EN HISTORIA;57;84
188;190143;METALURGIA Y CIENCIAS DE LOS MATERIALES;58;85
189;190144;LICENCIATURA EN EDUCACION INDUSTRIAL;59;86
190;190145;EMPRESAS AGROPECUARIAS;60;87
191;190146;ADMINISTRACION INDUSTRIAL;61;88
192;190147;ADMINISTRACION TURISTICA Y HOTELERA;62;89
193;190148;INGENIERIA ELECTROMECANICA;63;90
194;190149;CONTADURIA PUBLICA;64;91
195;190150;INGENIERIA DE MINAS;65;92
196;190151;INGENIERIA ELECTRONICA;66;93
197;190152;INGENIERIA INDUSTRIAL;67;94
198;190153;INGENIERIA GEOLOGICA;68;95
199;190154;LICENCIATURA EN CIENCIAS RELIGIOSAS;69;96
200;190155;GEOTECNOLOGIA;70;97
201;190156;TECNOLOGIA EN TELEMATICA;71;98
202;190157;ARTES PLASTICAS;72;99
203;190158;LICENCIATURA EN MUSICA;73;100
204;190159;LICENCIATURA EN FILOSOFIA;74;101
205;190160; LENGUA ESPAÑOLA;75;102
206;190161; LENGUAS MODERNAS INGLES- FRANCES;76;103
207;190162;LICENCIATURA EN MATEMATICAS;77;1
208;190163;ENFERMERIA;78;2
209;190164;MEDICINA;79;3
210;190165;ANTROPOLOGIA;80;4
211;190166;DERECHO;81;5
212;190167;ADMINISTRACION DE EMPRESAS;82;6
213;190168;CONTADURIA PUBLICA;83;7
214;190169;INGENIERIA CIVIL;84;8
215;190170;INGENIERIA ELECTRONICA;85;9
216;190171;ESPECIALIZACION EN ANATOMIA PATOLOGICA;86;10
217;190172;ESPECIALIZACION EN ANESTESIOLOGIA;87;11
218;190173;ESPECIALIZACION EN CIRUGIA GENERAL;88;12
219;190174; GINECOLOGIA Y OBSTETRICIA;89;13
220;190175;ESPECIALIZACION EN MEDICINA INTERNA;90;14
221;190176;ESPECIALIZACION EN PEDIATRIA;91;15
222;190177; DERECHO ADMINISTRATIVO;92;16
223;190178;INGENIERIA DE VIAS TERRESTRES;93;17
224;190179;ESTUDIOS SOBRE PROBLEMAS POLITICOS;94;18
225;190180;MAESTRIA EN LINGUISTICA;95;19
226;190181;TELECOMUNICACIONES;96;20
227;190182;INGENIERIA AREA;97;21
228;190183;MAESTRIA EN TELEMATICA;98;22
229;190184; RECURSOS HIDROBIOLOGICOS ;99;23
230;190185;TECNOLOGIA INDUSTRIAL;100;24
231;190186;TECNOLOGIA MECANICA;101;25
232;190187;TECNOLOGIA EN ELECTRICIDAD;102;26
233;190188;TECNOLOGIA QUIMICA;103;27
234;190189;LICENCIATURA EN ARTES PLASTICAS;104;28
235;190190;LICENCIATURA EN MUSICA;105;29
236;190191;LICENCIATURA EN CIENCIAS SOCIALES;106;30
237;190192; COMUNICACION AUDIOVISUAL;107;31
238;190193;LICENCIATURA EN MATEMATICAS Y FISICA;108;32
239;190194;MEDICINA;109;33
240;190195;CIENCIAS DEL DEPORTE Y  LA RECREACION;110;34
241;190196;INGENIERIA DE SISTEMAS Y COMPUTACION;111;35
242;190197;INGENIERIA ELECTRICA;112;36
243;190198;INGENIERIA INDUSTRIAL;113;37
244;190199;INGENIERIA MECANICA;114;38
245;190200;ADMINISTRACION DEL MEDIO AMBIENTE;115;39
246;190201;ESPECIALIZACION EN INSTRUMENTACION FISICA;116;40
247;190202;MAESTRIA EN COMUNICACION EDUCATIVA;117;41
248;190203; ADMINISTRACION ECONOMICA Y FINANCIERA;118;42
249;190204;SISTEMAS AUTOMATICOS DE PRODUCCION;119;43
250;190205; INVESTIGACION OPERATIVA Y ESTADISTICA;120;44
251;190206;AGRONOMIA;121;45
252;190207;MEDICINA VETERINARIA Y ZOOTECNIA;122;46
253;190208;ARTES PLASTICAS;123;47
254;190209;DISEÑO VISUAL;124;48
255;190210;LICENCIATURA EN MUSICA;125;49
256;190211;LICENCIATURA EN EDUCACION FISICA Y RECREACION;126;50
257;190212;LICENCIATURA EN LENGUAS MODERNAS;127;51
258;190213;LICENCIATURA EN BIOLOGIA Y QUIMICA;128;52
259;190214;ENFERMERIA;129;53
260;190215;MEDICINA;130;54
261;190216;TRABAJO SOCIAL;1;55
262;190217;DESARROLLO FAMILIAR;2;56
263;190218;DERECHO;3;57
264;190219;FILOSOFIA Y LETRAS;4;58
265;190220;GEOLOGIA;5;59
266;190221;ESPECIALIZACION EN ANESTESIOLOGIA;6;60
267;190222;ESPECIALIZACION EN CIRUGIA GENERAL;7;61
268;190223;ESPECIALIZACION EN CIRUGIA PEDIATRICA;8;62
269;190224;ESPECIALIZACION EN DERMATOLOGIA;9;63
270;190225;ESPECIALIZACION EN GASTROENTEROLOGIA;10;64
271;190226;ESPECIALIZACION EN GINECOLOGIA Y OBSTETRICIA;11;65
272;190227;ESPECIALIZACION EN MEDICINA INTERNA;12;66
273;190228;ESPECIALIZACION EN PEDIATRIA;13;67
274;190229;ESPECIALIZACION EN PSIQUIATRIA;14;68
275;190230; MEDICINA INTERNA - GERIATRIA;15;69
276;190231;DERECHO ADMINISTRATIVO;16;70
277;190232;LEGISLACION COMERCIAL Y FINANCIERA;17;71
278;190233;LEGISLACION  DE FAMILIA  ;18;72
279;190234;ESPECIALIZACION EN ESTUDIOS PENALES;19;73
280;190235;ESPECIALIZACION EN GERENCIA AGRARIA;20;74
281;190236;ADMINISTRACION DE PROYECTOS ;21;75
282;190237;MAESTRIA EN FITOPATOLOGIA;22;76
283;190238;TECNOLOGIA EN ACUICULTURA;23;77
284;190239;MEDICINA VETERINARIA Y ZOOTECNIA;24;78
285;190240;EDUCACION  CIENCIAS SOCIALES;25;79
286;190241;LICENCIATURA EN QUIMICA Y BIOLOGIA;26;80
287;190242;LICENCIATURA EN MATEMATICAS Y FISICA;27;81
288;190243;LICENCIATURA EN BIOLOGIA Y QUIMICA;28;82
289;190244;ENFERMERIA;29;83
290;190245;INGENIERIA DE ALIMENTOS;30;84
291;190246;INGENIERIA AGRONOMICA;31;85
292;190247;LICENCIATURA EN MUSICA;32;86
293;190248;LICENCIATURA EN ARTES VISUALES;33;87
294;190249;LICENCIATURA EN ARTE ESCENICO;34;88
295;190250; EDUCACION BASICA  FISICA;35;89
296;190251; ADMINISTRACION EDUCATIVA;36;90
297;190252;LICENCIATURA EN LENGUAS MODERNAS;37;91
298;190253;LICENCIATURA EN ESPAÑOL;38;92
299;190254;LICENCIATURA EN MATEMATICAS Y FISICA;39;93
300;190255;ENFERMERIA;40;94
301;190256;MEDICINA;41;95
302;190257;ADMINISTRACION DE EMPRESAS;42;96
303;190258;CONTADURIA PUBLICA;43;97
304;190259;INGENIERIA AGRICOLA;44;98
305;190260;INGENIERIA DE PETROLEOS;45;99
306;190261;DISEÑO GRAFICO;46;100
307;190262;COMUNICACION LA DOCENCIA;47;101
308;190263;EDUCACION Y DESARROLLO COMUNITARIO;48;102
309;190264;MEDICINA VETERINARIA Y ZOOTECNIA;49;103
310;190265;LICENCIATURA EN CIENCIAS SOCIALES;50;1
311;190266;LICENCIATURA EN LINGUISTICA Y LITERATURA;51;2
312;190267; LINGUISTICA Y EDUCACION INDIGENA;52;3
313;190268;LICENCIATURA EN MATEMATICAS Y FISICA;53;4
314;190269;ADMINISTRACION DE EMPRESAS;54;5
315;190270;CONTADURIA PUBLICA;55;6
316;190271;ADMINISTRACION MARITIMA;56;7
317;190272;INGENIERIA NAVAL- ESPECIALIDAD ELECTRONICA;57;8
318;190273;INGENIERIA NAVAL- ESPECIALIDAD MECANICA;58;9
319;190274;OCEANOGRAFIA FISICA;59;10
320;190275;MEDICINA;60;11
321;190276;DERECHO;61;12
322;190277;ECONOMIA;62;13
323;190278;ADMINISTRACION DE EMPRESAS;63;14
324;190279;CONTADURIA PUBLICA;64;15
325;190280;INGENIERIA CIVIL;65;16
326;190281;ESPECIALIZACION EN ANESTESIOLOGIA;66;17
327;190282;ESPECIALIZACION EN CARDIOLOGIA;67;18
328;190283;ESPECIALIZACION EN CIRUGIA GENERAL;68;19
329;190284;ESPECIALIZACION EN CIRUGIA PEDIATRICA;69;20
330;190285;ESPECIALIZACION EN DERMATOLOGIA;70;21
331;190286;ESPECIALIZACION EN GASTROENTEROLOGIA;71;22
332;190287;GINECOLOGIA Y OBSTETRICIA;72;23
333;190288;MEDICINA FISICA Y REHABILITACION;73;24
334;190289;ESPECIALIZACION EN MEDICINA INTERNA;74;25
335;190290;ESPECIALIZACION EN NEFROLOGIA;75;26
336;190291;ESPECIALIZACION EN NEUMOLOGIA;76;27
337;190292;ESPECIALIZACION EN NEUROCIRUGIA;77;28
338;190293;ESPECIALIZACION EN NEUROLOGIA;78;29
339;190294;ESPECIALIZACION EN OFTALMOLOGIA;79;30
340;190295;ESPECIALIZACION EN ORTODONCIA;80;31
341;190296;ESPECIALIZACION EN ORTOPEDIA;81;32
342;190297;OTORRINOLARINGOLOGIA;82;33
343;190298;ESPECIALIZACION EN PATOLOGIA;83;34
344;190299;ESPECIALIZACION EN PEDIATRIA;84;35
345;190300;ESPECIALIZACION EN PSIQUIATRIA;85;36
346;190301;ESPECIALIZACION EN RADIOLOGIA;86;37
347;190302;ESPECIALIZACION EN UROLOGIA;87;38
348;190303;ESPECIALIZACION EN ENDOCRINOLOGIA;88;39
349;190304;ESPECIALIZACION EN CIRUGIA ORAL ;89;40
350;190305;CIRUGIA PLASTICA RECONSTRUTIVA;90;41
351;190306;ESPECIALIZACION EN REHABILITACION ORAL;91;42
352;190307;ESPECIALIZACION EN NEUROLOGIA PEDIATRICA;92;43
353;190308;ESPECIALIZACION EN DERECHO ADMINISTRATIVO;93;44
354;190309;TECNOLOGIA EN ADMINISTRACION INDUSTRIAL;94;45
355;190310;ADMINISTRACION DE SERVICIOS DE SALUD;95;46
356;190311;TECNOLOGIA DE ALIMENTOS;96;47
357;190312;TECNOLOGIA QUIMICA;97;48
358;190313;TECNOLOGIA EN REGENCIA DE FARMACIA;98;49
359;190314;TECNOLOGIA EN SANEAMIENTO AMBIENTAL;99;50
360;190315;MEDICINA VETERINARIA;100;51
361;190316;ZOOTECNIA;101;52
362;190317;ARTES PLASTICAS;102;53
363;190318;ARTE DRAMATICO;103;54
364;190319;MUSICA- CANTO;104;55
365;190320;MUSICA INSTRUMENTO;105;56
366;190321;LICENCIATURA EN EDUCACION MUSICAL;106;57
367;190322;LICENCIATURA EN EDUCACION PREESCOLAR;107;58
368;190323;LICENCIATURA EN EDUCACION PRIMARIA;108;59
369;190324;LICENCIATURA EN EDUCACION ESPECIAL;109;60
370;190325;LICENCIATURA EN EDUCACION FISICA;110;61
371;190326;LICENCIATURA EN GEOGRAFIA E HISTORIA;111;62
372;190327;LICENCIATURA EN GEOGRAFIA E HISTORIA;112;63
373;190328;LICENCIATURA EN FILOSOFIA;113;64
374;190329;LICENCIATURA EN ESPAÑOL Y LITERATURA;114;65
375;190330;LICENCIATURA EN ESTUDIOS BIBLICOS;115;66
376;190331;LICENCIATURA EN LENGUAS  EXTRANJERAS;116;67
377;190332;ESPAÑOL- LITERATURA;117;68
378;190333;LICENCIATURA EN MATEMATICAS Y FISICA;118;69
379;190334;LICENCIATURA EN EDUCACION CIENCIAS NATURALES;119;70
380;190335;MICROBIOLOGIA Y BIOANALISIS;120;71
381;190336;ENFERMERIA;121;72
382;190337;MEDICINA;122;73
383;190338;NUTRICION Y DIETETICA;123;74
384;190339;ODONTOLOGIA;124;75
385;190340;ANTROPOLOGIA;125;76
386;190341;BIBLIOTECOLOGIA;126;77
387;190342;COMUNICACION SOCIAL - PERIODISMO;127;78
388;190343;PSICOLOGIA;128;79
389;190344;TRABAJO SOCIAL;129;80
390;190345;SOCIOLOGIA;130;81
391;190346;DERECHO;1;82
392;190347;ECONOMIA;2;83
393;190348;ADMINISTRACION DE EMPRESAS;3;84
394;190349;CONTADURIA PUBLICA;4;85
395;190350;FILOSOFIA;5;86
396;190351;HISTORIA;6;87
397;190352;IDIOMAS;7;88
398;190353;INGENIERIA DE SISTEMAS;8;89
399;190354;INGENIERIA ELECTRICA;9;90
400;190355;INGENIERIA ELECTRONICA;10;91
401;190356;INGENIERIA INDUSTRIAL;11;92
402;190357;INGENIERIA MECANICA;12;93
403;190358;INGENIERIA METALURGICA;13;94
404;190359;INGENIERIA QUIMICA;14;95
405;190360;INGENIERIA SANITARIA;15;96
406;190361;BIOLOGIA;16;97
407;190362;FISICA;17;98
408;190363;MATEMATICAS;18;99
409;190364;QUIMICA;19;100
410;190365;QUIMICA FARMACEUTICA;20;101
411;190366;ESPECIALIZACION EN CIRUGIA GENERAL;21;102
412;190367;ESPECIALIZACION EN CIRUGIA INFANTIL;22;103
413;190368;ESPECIALIZACION EN DERMATOLOGIA;23;1
414;190369;ESPECIALIZACION EN EPIDEMIOLOGIA;24;2
415;190370;ESPECIALIZACION EN GINECOLOGIA Y OBSTETRICIA;25;3
416;190371; MEDICINA FISICA Y REHABILITACION;26;4
417;190372;ESPECIALIZACION EN MEDICINA INTERNA;27;5
418;190373;ESPECIALIZACION EN NEFROLOGIA;28;6
419;190374;ESPECIALIZACION EN NEUROCIRUGIA;29;7
420;190375;ESPECIALIZACION EN NEUROLOGIA;30;8
421;190376;ESPECIALIZACION EN OFTALMOLOGIA;31;9
422;190377;ESPECIALIZACION EN ORTOPEDIA ;32;10
423;190378;OTORRINOLARINGOLOGIA;33;11
424;190379;ESPECIALIZACION EN PATOLOGIA;34;12
425;190380;ESPECIALIZACION EN PEDIATRIA;35;13
426;190381;ESPECIALIZACION EN PSIQUIATRIA;36;14
427;190382;ESPECIALIZACION EN RADIOLOGIA;37;15
428;190383;ESPECIALIZACION EN REUMATOLOGIA;38;16
429;190384;ESPECIALIZACION EN UROLOGIA;39;17
430;190385;ESPECIALIZACION EN SALUD OCUPACIONAL;40;18
431;190386;CIRUGIA PLASTICA MAXILOFACIAL;41;19
432;190387;ODONTOLOGIA INTEGRAL DEL NIÑO;42;20
433;190388; ODONTOLOGIA INTEGRAL DEL ADULTO;43;21
434;190389;CIRUGIA ORAL Y MAXILOFACIAL;44;22
435;190390; ADMINISTRACION DE SERVICIOS DE SALUD;45;23
436;190391;ANESTESIOLOGIA Y REANIMACION;46;24
437;190392;MEDICINA APLICADA A LA ACTIVIDAD FISICA;47;25
438;190393;ODONTOLOGIA INTEGRAL ;48;26
439;190394;ESPECIALIZACION EN TERAPIA FAMILIAR;49;27
440;190395;ESPECIALIZACION EN DERECHO DE FAMILIA;50;28
441;190396;ESPECIALIZACION EN CIENCIAS FORENSES;51;29
442;190397;ESPECIALIZACION EN POLITICA ECONOMICA;52;30
443;190398;FINANZAS;53;31
444;190399;ESPECIALIZACION EN ALTA GERENCIA;54;32
445;190400;EVALUACION SOCIO- ECONOMICA DE PROYECTOS;55;33
446;190401;MAESTRIA EN EDUCACIONPSICOPEDAGOGIA;56;34
447;190402;EDUCACION SOCIOLOGIA ;57;35
448;190403;MAESTRIA EN SALUD PUBLICA;58;36
449;190404;MAESTRIA EN EPIDEMIOLOGIA;59;37
450;190405;MAESTRIA EN SALUD COLECTIVA;60;38
451;190406;MAESTRIA EN CIENCIAS SOCIALES;61;39
452;190407;MAESTRIA EN CIENCIAS POLITICAS;62;40
453;190408;MAESTRIA EN FILOSOFIA;63;41
454;190409;MAESTRIA EN LITERATURA COLOMBIANA;64;42
455;190410;MAESTRIA EN LINGUISTICA;65;43
456;190411;MAESTRIA EN ESTUDIOS BIBLICOS;66;44
457;190412;MAESTRIA EN INGENIERIA AMBIENTAL;67;45
458;190413;MAESTRIA EN BIOLOGIA;68;46
459;190414;MAESTRIA EN FISICA;69;47
460;190415;MAESTRIA EN CIENCIAS BASICAS BIOMEDICAS;70;48
461;190416;DOCTORADO EN FILOSOFIA;71;49
462;190417;ARTES PLASTICAS;72;50
463;190418;LICENCIATURA EN MUSICA;73;51
464;190419;EDUCACION BASICA PRIMARIA;74;52
465;190420;LENGUAS MODERNAS ESPAÑOL- FRANCES;75;53
466;190421;LENGUAS MODERNAS ESPAÑOL- INGLES;76;54
467;190422;LICENCIATURA EN MATEMATICAS Y FISICA;77;55
468;190423;LICENCIATURA EN BIOLOGIA Y QUIMICA;78;56
469;190424;NUTRICION Y DIETETICA;79;57
470;190425;DERECHO;80;58
471;190426;ECONOMIA;81;59
472;190427;CONTADURIA PUBLICA;82;60
473;190428;INGENIERIA INDUSTRIAL;83;61
474;190429;INGENIERIA MECANICA;84;62
475;190430;INGENIERIA QUIMICA;85;63
476;190431;ARQUITECTURA;86;64
477;190432;BIOLOGIA;87;65
478;190433;QUIMICA Y FARMACIA;88;66
479;190434;MAESTRIA EN DERECHO PRIVADO;89;67
480;190435;TECNOLOGIA EN RECREACION;90;68
481;190436;TECNOLOGIA EN ALIMENTOS;91;69
482;190437;TECNOLOGIA EN ELECTRONICA DESESCOLARIZADA;92;70
483;190438;TECNOLOGIA EN TOPOGRAFIA;93;71
484;190439;TECNOLOGIA EN  SISTEMAS DE INFORMACION;94;72
485;190440;TECNOLOGIA QUIMICA;95;73
486;190441;LICENCIATURA EN EDUCACION MUSICAL;96;74
487;190442;LICENCIATURA EN ARTE DRAMATICO;97;75
488;190443;LICENCIATURA EN EDUCACION PRIMARIA;98;76
489;190444;LICENCIATURA EN EDUCACION FISICA Y SALUD;99;77
490;190445;LICENCIATURA EN CIENCIAS SOCIALES;100;78
491;190446;LICENCIATURA EN HISTORIA;101;79
492;190447;LICENCIATURA EN FILOSOFIA;102;80
493;190448;LICENCIATURA EN LENGUAS MODERNAS;103;81
494;190449;LICENCIATURA EN LITERATURA;104;82
495;190450;LICENCIATURA EN ELECTRICIDAD Y ELECTRONICA;105;83
496;190451;LICENCIATURA EN BIOLOGIA Y QUIMICA;106;84
497;190452;LICENCIATURA EN MATEMATICAS Y FISICA;107;85
498;190453;BACTERIOLOGIA Y LABORATORIO CLINICO;108;86
499;190454;ENFERMERIA;109;87
500;190455;ENFERMERIA;110;88
501;190456;FISIOTERAPIA;111;89
502;190457;FONOAUDIOLOGIA;112;90
503;190458;MEDICINA;113;91
504;190459;ODONTOLOGIA;114;92
505;190460;TERAPIA OCUPACIONAL;115;93
506;190461;PSICOLOGIA;116;94
507;190462;TRABAJO SOCIAL;117;95
508;190463;SOCIOLOGIA;118;96
509;190464;RECREACION;119;97
510;190465;COMUNICACION SOCIAL;120;98
511;190466;FISICA;121;99
512;190467;ECONOMIA;122;100
513;190468;ADMINISTRACION DE EMPRESAS;123;101
514;190469;CONTADURIA PUBLICA;124;102
515;190470;INGENIERIA AGRICOLA;125;103
516;190471;INGENIERIA CIVIL;126;1
517;190472;INGENIERIA DE SISTEMAS;127;2
518;190473;INGENIERIA ELECTRICA;128;3
519;190474;INGENIERIA ELECTRONICA;129;4
520;190475;INGENIERIA INDUSTRIAL;130;5
521;190476;INGENIERIA MECANICA;1;6
522;190477;INGENIERIA QUIMICA;2;7
523;190478;INGENIERIA SANITARIA;3;8
524;190479;ARQUITECTURA;4;9
525;190480;BIOLOGIA;5;10
526;190481;ESTADISTICA;6;11
527;190482;FISICA;7;12
528;190483;MATEMATICAS;8;13
529;190484;QUIMICA;9;14
530;190485;ENSEÑANZA DE CIENCIAS SOCIALES;10;15
531;190486;ESPECIALIZACION EN ANATOMIA PATOLOGICA;11;16
532;190487;ESPECIALIZACION EN ANESTESIOLOGIA;12;17
533;190488;ESPECIALIZACION EN CARDIOLOGIA;13;18
534;190489;ESPECIALIZACION EN CIRUGIA GENERAL;14;19
535;190490;DERMATOLOGIA Y CIRUGIA DERMATOLOGICA;15;20
536;190491;ESPECIALIZACION EN GINECOLOGIA Y OBSTETRICIA;16;21
537;190492;MEDICINA FISICA Y REHABILITACION;17;22
538;190493;ESPECIALIZACION EN MEDICINA INTERNA;18;23
539;190494;ESPECIALIZACION EN NEFROLOGIA;19;24
540;190495;ESPECIALIZACION EN NEUROCIRUGIA;20;25
541;190496;ESPECIALIZACION EN OFTALMOLOGIA;21;26
542;190497;ESPECIALIZACION EN ORTOPEDIA Y TRAUMATOLOGIA;22;27
543;190498;ESPECIALIZACION EN OTORRINOLARINGOLOGIA;23;28
544;190499;ESPECIALIZACION EN PEDIATRIA;24;29
545;190500;ESPECIALIZACION EN PSIQUIATRIA;25;30
546;190501;ESPECIALIZACION EN RADIODIAGNOSTICO;26;31
547;190502;ESPECIALIZACION EN UROLOGIA;27;32
548;190503;ESPECIALIZACION EN MEDICINA FAMILIAR;28;33
549;190504;ANATOMIA PATOLOGICA;29;34
550;190505;GASTROENTEROLOGIA;30;35
551;190506;ESPECIALIZACION EN NEONATOLOGIA;31;36
552;190507; ENFERMERIA MATERNO- PERINATAL;32;37
553;190508;ESPECIALIZACION EN ENFERMERIA NEONATAL;33;38
554;190509;ESPECIALIZACION EN ENFERMERIA NEFROLOGICA;34;39
555;190510;ESPECIALIZACION EN PSICOLOGIA DEL NIÑO;35;40
556;190511;ESPECIALIZACION EN DESARROLLO COMUNITARIO;36;41
557;190512;ESPECIALIZACION EN FINANZAS;37;42
558;190513;ADMINISTRACION DE EMPRESAS;38;43
559;190514;ADMINISTRACION DE EMPRESAS;39;44
560;190515;ESPECIALIZACION EN SISTEMAS DE INFORMACION;40;45
561;190516;ESPECIALIZACION EN REDES DE COMUNICACION;41;46
562;190517; MAQUINARIA Y EQUIPO AGRICOLA ;42;47
563;190518;SISTEMAS DE TRANSMISION Y DISTRIBUCION;43;48
564;190519;ESPECIALIZACION EN SISTEMAS;44;49
565;190520;ESPECIALIZACION EN CIENCIAS TERMICAS;45;50
566;190521;ESPECIALIZACION EN MATERIALES DE INGENIERIA;46;51
567;190522;ESPECIALIZACION EN AUTOMATIZACION INDUSTRIAL;47;52
568;190523;MAESTRIA EN INGENIERIA SANITARIA Y AMBIENTAL;48;53
569;190524;ESPECIALIZACION EN ESTRUCTURAS;49;54
570;190525;ESPECIALIZACION EN PAISAJISMO;50;55
571;190526;ADMINISTRACION DE EDUCACION;51;56
572;190527;MAESTRIA EN EDUCACION;52;57
573;190528;MAESTRIA EN MICROBIOLOGIA MEDICA;53;58
574;190529;MAESTRIA EN MORFOLOGIA;54;59
575;190530;MAESTRIA EN SALUD PUBLICA;55;60
576;190531;MAESTRIA EN EPIDEMIOLOGIA;56;61
577;190532;MAESTRIA EN ADMINISTRACION DE SALUD;57;62
578;190533;ENFERMERIA ENFASIS EN MATERNO;58;63
579;190534;ENFERMERIA CON ENFASIS EN CUIDADOS;59;64
580;190535;MAESTRIA EN SALUD OCUPACIONAL;60;65
581;190536;MAESTRIA EN SOCIOLOGIA;61;66
582;190537;MAESTRIA EN HISTORIA;62;67
583;190538;MAESTRIA EN PSICOLOGIA;63;68
584;190539;MAESTRIA EN ECONOMIA APLICADA;64;69
585;190540;MAESTRIA EN ADMINISTRACION;65;70
586;190541;MAESTRIA EN FILOSOFIA;66;71
587;190542;MAESTRIA EN LINGUISTICA Y ESPAÑOL;67;72
588;190543;LITERATURA  LATINOAMERICANA;68;73
589;190544;MAESTRIA EN INGENIERIA CIVIL;69;74
590;190545;MAESTRIA EN INGENIERIA DE SISTEMAS;70;75
591;190546;MAESTRIA EN INGENIERIA QUIMICA;71;76
592;190547;SISTEMAS DE GENERACION DE ENERGIA ELECTRICA;72;77
593;190548;MAESTRIA EN AUTOMATICA;73;78
594;190549;DOCTORADO EN CIENCIAS BIOMEDICAS;74;79
595;190550;MAESTRIA EN BIOQUIMICA;75;80
596;190551;MAESTRIA EN CIENCIAS- FISICA;76;81
597;190552;MAESTRIA EN CIENCIAS- MATEMATICAS;77;82
598;190553;MAESTRIA EN CIENCIAS- QUIMICA;78;83
599;190554;MAESTRIA EN FARMACOLOGIA;79;84
600;190555;MAESTRIA EN CIENCIAS- BIOLOGIA;80;85
601;190556;DOCTORADO EN CIENCIAS BASICAS BIOMEDICAS;81;86
602;190557;DOCTORADO EN CIENCIAS FISICAS;82;87
603;190558;DOCTORADO EN CIENCIAS QUIMICAS;83;88
604;190559;DOCTORADO EN CIENCIAS- BIOLOGIA;84;89
605;190560;TECNOLOGIA AGRICOLA;85;90
606;190561;TECNOLOGIA PECUARIA;86;91
607;190562;TECNOLOGIA EMPRESARIAL;87;92
608;190563;DISEÑO INDUSTRIAL;88;93
609;190564;LICENCIATURA EN MUSICA;89;94
610;190565;LICENCIATURA EN EDUCACION- IDIOMAS;90;95
611;190566;LICENCIATURA EN MATEMATICAS;91;96
612;190567;BACTERIOLOGIA Y LABORATORIO CLINICO;92;97
613;190568;ENFERMERIA;93;98
614;190569;FISIOTERAPIA;94;99
615;190570;MEDICINA;95;100
616;190571;NUTRICION Y DIETETICA;96;101
617;190572;TRABAJO SOCIAL;97;102
618;190573;GESTION EMPRESARIAL;98;103
619;190574;HISTORIA;99;1
620;190575;INGENIERIA CIVIL;100;2
621;190576;INGENIERIA DE PETROLEOS;101;3
622;190577;INGENIERIA DE SISTEMAS;102;4
623;190578;INGENIERIA ELECTRICA;103;5
624;190579;INGENIERIA INDUSTRIAL;104;6
625;190580;INGENIERIA MECANICA;105;7
626;190581;INGENIERIA METALURGICA;106;8
627;190582;INGENIERIA QUIMICA;107;9
628;190583;BIOLOGIA;108;10
629;190584;FISICA;109;11
630;190585;GEOLOGIA;110;12
631;190586;QUIMICA;111;13
632;190587;ESPECIALIZACION EN ENSEÑANZA DEL INGLES;112;14
633;190588;ESPECIALIZACION EN CIRUGIA GENERAL;113;15
634;190589;ESPECIALIZACION EN GINECOLOGIA Y OBSTETRICIA;114;16
635;190590;ESPECIALIZACION EN MEDICINA INTERNA;115;17
636;190591;ESPECIALIZACION EN OFTALMOLOGIA;116;18
637;190592;ESPECIALIZACION EN PATOLOGIA;117;19
638;190593;ESPECIALIZACION EN PEDIATRIA;118;20
639;190594; ADMINISTRACION DE SERVICIOS DE SALUD;119;21
640;190595;ANESTESIOLOGIA Y REANIMACION;120;22
641;190596;ESPECIALIZACION EN INGENIERIA DE SOFTWARE;121;23
642;190597;GERENCIA DE LA PRODUCCION;122;24
643;190598;ESPECIALIZACION EN ALTA GERENCIA;123;25
644;190599;ESPECIALIZACION EN INGENIERIA DE SOFTWARE;124;26
645;190600;MAESTRIA EN SEMIOTICA;125;27
646;190601;MAESTRIA EN INGENIERIA METALURGICA;126;28
647;190602;MAESTRIA EN INGENIERIA QUIMICA;127;29
648;190603;MAESTRIA EN POTENCIA ELECTRICA;128;30
649;190604;MAESTRIA EN INFORMATICA;129;31
650;190605;MAESTRIA EN FISICA;130;32
651;190606;MAESTRIA EN QUIMICA;1;33
652;190607;DOCTORADO EN INGENIERIA QUIMICA;2;34
653;190608;ADMINISTRACION DE SERVICIOS DE SALUD;3;35
654;190609;TECNOLOGIA EN ALIMENTOS;4;36
655;190610;ENFERMERIA;5;37
656;190611;MEDICINA;6;38
657;190612;ODONTOLOGIA;7;39
658;190613;TRABAJO SOCIAL;8;40
659;190614;DERECHO;9;41
660;190615;ECONOMIA;10;42
661;190616;ADMINISTRACION DE EMPRESAS;11;43
662;190617;CONTADURIA PUBLICA;12;44
663;190618;FILOSOFIA;13;45
664;190619;HISTORIA;14;46
665;190620;LINGUISTICA Y LITERATURA;15;47
666;190621;INGENIERIA CIVIL;16;48
667;190622;QUIMICA FARMACEUTICA;17;49
668;190623;ESPECIALIZACION EN CIRUGIA GENERAL;18;50
669;190624;ESPECIALIZACION EN MEDICINA INTERNA;19;51
670;190625;ESPECIALIZACION EN NEUROCIRUGIA;20;52
671;190626;ESPECIALIZACION EN OFTALMOLOGIA;21;53
672;190627;ESPECIALIZACION EN ORTOPEDIA Y TRAUMATOLOGIA;22;54
673;190628;ESPECIALIZACION EN OTORRINOLARINGOLOGIA;23;55
674;190629;ESPECIALIZACION EN PATOLOGIA;24;56
675;190630;ESPECIALIZACION EN PEDIATRIA;25;57
676;190631;RESTAURACION DE BIENES MUEBLES;26;58
677;190632;ESPECIALIZACION EN RADIOLOGIA;27;59
678;190633;ESPECIALIZACION EN UROLOGIA;28;60
679;190634;ESPECIALIZACION EN SALUD OCUPACIONAL;29;61
680;190635;ESTOMATOLOGIA Y CIRUGIA ORAL;30;62
681;190636;ANESTESIOLOGIA Y REANIMACION;31;63
682;190637; ENFERMERIA MEDICO- QUIRURGICA;32;64
683;190638;ESPECIALIZACION EN FINANZAS;33;65
684;190639;MAESTRIA EN PEDAGOGIA;34;66
685;190640;PLANEACION PARA EL DESARROLLO URBANO;35;67
686;190641;ESPECIALIZACION EN GESTION GERENCIAL;36;68
687;190642;ESPECIALIZACION EN REVISORIA FISCAL;37;69
688;190643;INGENIERIA SANITARIA Y AMBIENTAL;38;70
689;190644;MAESTRIA EN INMUNOLOGIA;39;71
690;190645;MAESTRIA EN MICROBIOLOGIA;40;72
691;190646;MAESTRIA EN FARMACOLOGIA;41;73
692;190647;ZOOTECNIA;42;74
693;190648;LICENCIATURA EN ARTES PLASTICAS;43;75
694;190649;LICENCIATURA EN MUSICA;44;76
695;190650;LICENCIATURA EN CIENCIAS SOCIALES;45;77
696;190651;LENGUAS MODERNAS ESPAÑOL- INGLES;46;78
697;190652;LENGUAS MODERNAS INGLES- FRANCES;47;79
698;190653;LICENCIATURA EN MATEMATICAS;48;80
699;190654;DERECHO;49;81
700;190655;ECONOMIA;50;82
701;190656;ADMINISTRACION DE EMPRESAS;51;83
702;190657;INGENIERIA CIVIL;52;84
703;190658;INGENIERIA AGRONOMICA;53;85
704;190659;ADMINISTRACION DE EMPRESAS;54;86
705;190660;ENSEÑANZA DE LA HISTORIA;55;87
706;190661;ENSEÑANZA DE LA GEOGRAFIA;56;88
707;190662;ESPECIALIZACION EN DERECHO ADMINISTRATIVO;57;89
708;190663;ESPECIALIZACION EN ECOLOGIA;58;90
709;190664;MAESTRIA EN ETNOLITERATURA;59;91
710;190665;TECNOLOGIA EN GESTION  AGROPECUARIA;60;92
711;190666;TECNOLOGIA EN ADMINISTRACION FINANCIERA;61;93
712;190667;TECNOLOGIA EN TOPOGRAFIA;62;94
713;190668;DIBUJO ARQUITECTONICO Y DE INGENIERIA;63;95
714;190669;MEDICINA VETERINARIA Y ZOOTECNIA;64;96
715;190670;LICENCIATURA EN EDUCACION  PREESCOLAR;65;97
716;190671;LICENCIATURA EN CIENCIAS SOCIALES;66;98
717;190672;LENGUAS MODERNAS ESPAÑOL- INGLES;67;99
718;190673;LICENCIATURA EN MATEMATICAS;68;100
719;190674;LICENCIATURA EN BIOLOGIA Y QUIMICA;69;101
720;190675;ENFERMERIA;70;102
721;190676;ADMINISTRACION DE EMPRESAS;71;103
722;190677;ADMINISTRACION FINANCIERA;72;1
723;190678;INGENIERIA AGRONOMICA;73;2
724;190679;INGENIERIA FORESTAL;74;3
725;190680;ESPECIALIZACION EN PRODUCCION DE ARROZ;75;4
726;190681;ENSEÑANZA DE LAS CIENCIAS NATURALES;76;5
727;190682;ESPECIALIZACION EN CASACION PENAL;77;6
728;190683;ESPECIALIZACION EN INGENIERIA SANITARIA;78;7
729;190684;TECNOLOGIA AGROINDUSTRIAL;79;8
730;190685;TECNOLOGIA EN OBRAS CIVILES;80;9
731;190686;TECNOLOGIA EN TOPOGRAFIA;81;10
732;190687;TECNOLOGIA EN QUIMICA DE PRODUCTOS;82;11
733;190688;LICENCIATURA EN EDUCACION PREESCOLAR;83;12
734;190689;LICENCIATURA EN TECNOLOGIA EDUCATIVA;84;13
735;190690;LICENCIATURA EN EDUCACION BASICA PRIMARIA;85;14
736;190691;LICENCIATURA EN PEDAGOGIA REEDUCATIVA;86;15
737;190692;LICENCIATURA EN LENGUAS MODERNAS;87;16
738;190693;LICENCIATURA EN BIOLOGIA;88;17
739;190694;LICENCIATURA EN MATEMATICAS Y COMPUTACION;89;18
740;190695;MEDICINA;90;19
741;190696;GERONTOLOGIA;91;20
742;190697;CIENCIAS DE LA INFORMACION ;92;21
743;190698;CONTADURIA PUBLICA;93;22
744;190699;INGENIERIA CIVIL;94;23
745;190700;ESPECIALIZACION EN ORIENTACION ESCOLAR;95;24
746;190701;ESPECIALIZACION EN EDUCACION AMBIENTAL;96;25
747;190702;EDUCACION Y ORIENTACION FAMILIAR;97;26
748;190703;ESPECIALIZACION EN BIOMATEMATICAS;98;27
749;190704;TECNOLOGIA AGROPECUARIA;99;28
750;190705;TECNOLOGIA EN OBRAS CIVILES;100;29
751;190706;TECNOLOGIA EN OBRAS CIVILES;101;30
752;190707;TECNOLOGIA EN ELECTROMECANICA;102;31
753;190708;TECNOLOGIA EN MINERIA;103;32
754;190709;ARQUITECTURA E INGENIERIA;104;33
755;190710;TECNOLOGIA QUIMICA;105;34
756;190711;LICENCIATURA EN EDUCACION BASICA;106;35
757;190712;LICENCIATURA EN BIOLOGIA Y QUIMICA;107;36
758;190713;LICENCIATURA EN MATEMATICAS Y COMPUTACION;108;37
759;190714;ENFERMERIA;109;38
760;190715;ADMINISTRACION DE EMPRESAS;110;39
761;190716;CONTADURIA PUBLICA;111;40
762;190717;INGENIERIA CIVIL;112;41
763;190718;INGENIERIA DE SISTEMAS;113;42
764;190719;INGENIERIA MECANICA;114;43
765;190720;TECNOLOGIA AGROPECUARIA;115;44
766;190721;ZOOTECNIA;116;45
767;190722;ADMINISTRACION DE EMPRESAS;117;46
768;190723;TECNOLOGIA DE ALIMENTOS;118;47
769;190724;LICENCIATURA EN PEDAGOGIA;119;48
770;190725;EDUCACION FISICA;120;49
771;190726;CIENCIAS ECONOMICAS Y SOCIALES;121;50
772;190727;LICENCIATURA EN COMERCIO;122;51
773;190728;LENGUAS EXTRANJERAS INGLES-FRANCES;123;52
774;190729;CIENCIAS NATURALES Y EDUCACION AMBIENTAL;124;53
775;190730; MATEMATICAS E INFORMATICA EDUCATIVA;125;54
776;190731;MICROBIOLOGIA;126;55
777;190732;EDUCACION PARA LA RECREACION COMUNITARIA;127;56
778;190733; ENSEÑANZA DEL ESPAÑOL Y LA LITERATURA;128;57
779;190734;TECNOLOGIA EN GESTION AGROPECUARIA;129;58
780;190735;LICENCIATURA EN CIENCIAS SOCIALES;130;59
781;190736;LICENCIATURA EN LENGUAS MODERNAS;1;60
782;190737;CIENCIAS FISICO-MATEMATICAS;2;61
783;190738;LICENCIATURA EN CIENCIAS NATURALES;3;62
784;190739;ECONOMIA;4;63
785;190740;ADMINISTRACION DE EMPRESAS;5;64
786;190741;INGENIERIA PESQUERA;6;65
787;190742;INGENIERIA AGRONOMICA;7;66
788;190743;ZOOTECNIA;8;67
789;190744;ESPECIALIZACION EN INGENIERIA DE SOFTWARE;9;68
790;190745;ENFERMERIA;10;69
791;190746;LICENCIATURA EN LENGUAS MODERNAS;11;70
792;190747;ADMINISTRACION DE EMPRESAS;12;71
793;190748;TECNOLOGIA EN TOPOGRAFIA;13;72
794;190749;TECNOLOGIA EN SANEAMIENTO AMBIENTAL;14;73
795;190750;ARTES PLASTICAS Y VISUALES;15;74
796;190751;ARTES ESCENICAS;16;75
797;190752;ARTES MUSICALES;17;76
798;190753;LICENCIATURA EN EDUCACION PRIMARIA;18;77
799;190754;EDUCACION CON ENFASIS EN CIENCIAS SOCIALES;19;78
800;190755;LICENCIATURA EN LENGUAS MODERNAS;20;79
801;190756;LICENCIATURA EN LINGUISTICA Y LITERATURA;21;80
802;190757;LICENCIATURA EN FISICA;22;81
803;190758;EDUCACION BASICA CON ENFASIS EN MATEMATICAS;23;82
804;190759;LICENCIATURA EN BIOLOGIA;24;83
805;190760;LICENCIATURA EN QUIMICA;25;84
806;190761;INGENIERIA CATASTRAL Y GEODESIA;26;85
807;190762;INGENIERIA DE SISTEMAS;27;86
808;190763;INGENIERIA ELECTRONICA;28;87
809;190764;INGENIERIA INDUSTRIAL;29;88
810;190765;INGENIERIA FORESTAL;30;89
811;190766;ESPECIALIZACION EN INGENIERIA DE PRODUCCION;31;90
812;190767;ENSEÑANZA DEL INGLES;32;91
813;190768;MAESTRIA EN TELEINFORMATICA;33;92
814;190769;DISEÑO INDUSTRIAL;34;93
815;190770;ESTUDIOS MUSICALES;35;94
816;190771;LICENCIATURA EN EDUCACION BASICA PRIMARIA;36;95
817;190772;LICENCIATURA EN PEDAGOGIA INFANTIL Y FAMILIAR;37;96
818;190773;LICENCIATURA EN FILOSOFIA;38;97
819;190774;LICENCIATURA EN LENGUAS MODERNAS;39;98
820;190775;ESPECIALIZACION EN TRIBUTACION;40;99
821;190776;LICENCIATURA EN TEOLOGIA;41;100
822;190777;LICENCIATURA EN MATEMATICAS;42;101
823;190778;LICENCIATURA EN BIOLOGIA;43;102
824;190779;BACTERIOLOGIA;44;103
825;190780;ENFERMERIA;45;1
826;190781;MEDICINA;46;2
827;190782;NUTRICION Y DIETETICA;47;3
828;190783;ODONTOLOGIA;48;4
829;190784;CIENCIA DE LA INFORMACION - BIBLIOTECOLOGIA;49;5
830;190785;COMUNICACION SOCIAL;50;6
831;190786;PSICOLOGIA;51;7
832;190787;DERECHO;52;8
833;190788;ECONOMIA;53;9
834;190789;ADMINISTRACION DE EMPRESAS;54;10
835;190790;CONTADURIA PUBLICA;55;11
836;190791;FILOSOFIA;56;12
837;190792;HISTORIA;57;13
838;190793;TEOLOGIA;58;14
839;190794;ESTUDIOS LITERARIOS;59;15
840;190795;INGENIERIA CIVIL;60;16
841;190796;INGENIERIA ELECTRONICA;61;17
842;190797;INGENIERIA INDUSTRIAL;62;18
843;190798;ARQUITECTURA;63;19
844;190799;BIOLOGIA;64;20
845;190800;MATEMATICAS;65;21
846;190801;ESPECIALIZACION EN ANESTESIOLOGIA;66;22
847;190802;ESPECIALIZACION EN CIRUGIA GENERAL;67;23
848;190803;ESPECIALIZACION EN CIRUGIA PLASTICA;68;24
849;190804;ESPECIALIZACION EN DERMATOLOGIA;69;25
850;190805;ESPECIALIZACION EN ENDODONCIA;70;26
851;190806;ESPECIALIZACION EN GINECOLOGIA Y OBSTETRICIA;71;27
852;190807;ESPECIALIZACION EN MEDICINA INTERNA;72;28
853;190808;ESPECIALIZACION EN NEFROLOGIA;73;29
854;190809;ESPECIALIZACION EN NEUMOLOGIA;74;30
855;190810;ESPECIALIZACION EN NEUROCIRUGIA;75;31
856;190811;ESPECIALIZACION EN NEUROLOGIA;76;32
857;190812;ESPECIALIZACION EN ODONTOPEDIATRIA;77;33
858;190813;ESPECIALIZACION EN OFTALMOLOGIA;78;34
859;190814;ESPECIALIZACION EN ORTODONCIA;79;35
860;190815;ORTOPEDIA Y TRAUMATOLOGIA;80;36
861;190816;ESPECIALIZACION EN OTORRINOLARINGOLOGIA;81;37
862;190817;ESPECIALIZACION EN PATOLOGIA;82;38
863;190818;ESPECIALIZACION EN PEDIATRIA;83;39
864;190819;ESPECIALIZACION EN PERIODONCIA;84;40
865;190820;ESPECIALIZACION EN RADIOLOGIA;85;41
866;190821;ESPECIALIZACION EN RADIOTERAPIA;86;42
867;190822;ESPECIALIZACION EN UROLOGIA;87;43
868;190823;ESPECIALIZACION EN MEDICINA NUCLEAR;88;44
869;190824;ESPECIALIZACION EN PSIQUIATRIA GENERAL;89;45
870;190825;ESPECIALIZACION EN REHABILITACION ORAL;90;46
871;190826; SALUD ENFASIS EN SEGURIDAD SOCIAL;91;47
872;190827;ESPECIALIZACION EN CIRUGIA MAXILOFACIAL;92;48
873;190828;GASTROENTEROLOGIA Y ENDOSCOPIA DIGESTIVA;93;49
874;190829;ESPECIALIZACION EN CUIDADO RESPIRATORIO;94;50
875;190830;ESPECIALIZACION EN ENFERMERIA ONCOLOGICA;95;51
876;190831; ENFERMERIA EN CUIDADO CRITICO;96;52
877;190832;ESPECIALIZACION EN PATOLOGIA Y CIRUGIA BUCAL;97;53
878;190833;ESPECIALIZACION EN DERECHO COMERCIAL;98;54
879;190834;ESPECIALIZACION EN DERECHO DE FAMILIA;99;55
880;190835;ESPECIALIZACION EN DERECHO LABORAL;100;56
881;190836;ESPECIALIZACION EN DERECHO DE SEGUROS;101;57
882;190837;ESPECIALIZACION EN DERECHO DE SOCIEDADES;102;58
883;190838;ESPECIALIZACION EN GERENCIA HOSPITALARIA;103;59
884;190839;ESPECIALIZACION EN GERENCIA DE CONSTRUCCIONES;104;60
885;190840; SISTEMAS GERENCIALES DE INGENIERIA;105;61
886;190841;MAESTRIA EN DESARROLLO RURAL;106;62
887;190842;DESARROLLO SOSTENIBLE DE SISTEMAS AGRARIOS;107;63
888;190843;MAESTRIA EN EDUCACION;108;64
889;190844;MAESTRIA EN ADMINISTRACION DE SALUD;109;65
890;190845;MAESTRIA EN PSICOLOGIA COMUNITARIA;110;66
891;190846;MAESTRIA EN HISTORIA;111;67
892;190847;MAESTRIA EN COMUNICACION;112;68
893;190848;MAESTRIA EN ESTUDIOS POLITICOS;113;69
894;190849;MAESTRIA EN DERECHO CANONICO;114;70
895;190850;MAESTRIA EN DERECHO DE SEGUROS;115;71
896;190851;MAESTRIA EN RELACIONES INTERNACIONALES;116;72
897;190852;MAESTRIA EN DERECHO ECONOMICO;117;73
898;190853;MAESTRIA EN ECONOMIA;118;74
899;190854;MAESTRIA EN FILOSOFIA;119;75
900;190855;MAESTRIA EN LITERATURA;120;76
901;190856;MAESTRIA EN TEOLOGIA;121;77
902;190857;RESTAURACION DE MONUMENTOS ;122;78
903;190858;MAESTRIA EN PLANEACION URBANA Y REGIONAL;123;79
904;190859;MAESTRIA EN BIOLOGIA;124;80
905;190860;MAESTRIA EN MICROBIOLOGIA;125;81
906;190861;MAESTRIA EN GESTION AMBIENTAL;126;82
907;190862;DOCTORADO EN FILOSOFIA;127;83
908;190863;DOCTORADO EN TEOLOGIA;128;84
909;190864;PSICOLOGIA;129;85
910;190865;ADMINISTRACION DE EMPRESAS;130;86
911;190866;CONTADURIA PUBLICA;1;87
912;190867;INGENIERIA DE SISTEMAS Y COMPUTACION;2;88
913;190868;INGENIERIA ELECTRONICA;3;89
914;190869;INGENIERIA INDUSTRIAL;4;90
915;190870;ESPECIALIZACION EN GERENCIA SOCIAL;5;91
916;190871; SISTEMAS GERENCIALES DE INGENIERIA;6;92
917;190872;MAESTRIA EN EDUCACION;7;93
918;190873;MAESTRIA EN ESTUDIOS POLITICOS;8;94
919;190874;LICENCIATURA EN EDUCACION PREESCOLAR;9;95
920;190875;LICENCIATURA EN LENGUAS MODERNAS;10;96
921;190876;LICENCIATURA EN BIOLOGIA Y QUIMICA;11;97
922;190877;PSICOLOGIA;12;98
923;190878;CULTURA FISICA Y DEPORTE;13;99
924;190879;COMUNICACION SOCIAL INSTITUCIONAL;14;100
925;190880;DERECHO;15;101
926;190881;INGENIERIA DE ALIMENTOS;16;102
927;190882;INGENIERIA DE SISTEMAS;17;103
928;190883;INGENIERIA INDUSTRIAL;18;1
929;190884;INGENIERIA MECANICA;19;2
930;190885;BIOLOGIA;20;3
931;190886;ESPECIALIZACION DESARROLLO INFANTIL ;21;4
932;190887;TECNOLOGIA EN PRODUCCION AGROPECUARIA;22;5
933;190888;TECNOLOGIA EN RECURSOS NATURALES ;23;6
934;190889;ADMINISTRACION DE EMPRESAS DE ECONOMIA ;24;7
935;190890;TECNOLOGIA EN CONSTRUCCION;25;8
936;190891;EDUCACION BASICA ;26;9
937;190892;LICENCIATURA EN EDUCACION PREESCOLAR;27;10
938;190893;LICENCIATURA EN FILOSOFIA;28;11
939;190894;LICENCIATURA EN FILOSOFIA E HISTORIA;29;12
940;190895; FILOSOFIA Y EDUCACION RELIGIOSA;30;13
941;190896;PSICOLOGIA;31;14
942;190897;SOCIOLOGIA;32;15
943;190898;DERECHO;33;16
944;190899;ECONOMIA;34;17
945;190900;ADMINISTRACION DE EMPRESAS;35;18
946;190901;CONTADURIA PUBLICA;36;19
947;190902;INGENIERIA CIVIL;37;20
948;190903;INGENIERIA ELECTRONICA;38;21
949;190904;INGENIERIA MECANICA;39;22
950;190905;ESPECIALIZACION EN DERECHO ADMINISTRATIVO;40;23
951;190906;ESPECIALIZACION EN DERECHO PENAL;41;24
952;190907;ESPECIALIZACION EN AUDITORIA TRIBUTARIA;42;25
953;190908;MAESTRIA EN PSICOLOGIA CLINICA Y DE LA FAMILIA;43;26
954;190909;MAESTRIA EN CIENCIAS ECONOMICAS;44;27
955;190910;MAESTRIA EN PLANEACION SOCIOECONOMICA;45;28
956;190911;MAESTRIA EN FILOSOFIA LATINOAMERICANA;46;29
957;190912;TECNOLOGIA EN LABORATORIO DENTAL;47;30
958;190913;ODONTOLOGIA;48;31
959;190914;DERECHO;49;32
960;190915;ECONOMIA;50;33
961;190916;COMERCIO EXTERIOR;51;34
962;190917;ADMINISTRACION DE EMPRESAS AGROPECUARIAS;52;35
963;190918;CONTADURIA PUBLICA;53;36
964;190919;ARQUITECTURA;54;37
965;190920;ESPECIALIZACION EN DERECHO ADMINISTRATIVO;55;38
966;190921;INTERVENTORIA DE LA CONSTRUCCION;56;39
967;190922;MAESTRIA EN EVALUACION EN EDUCACION;57;40
968;190923;MAESTRIA EN ADMINISTRACION DE EMPRESAS;58;41
969;190924;LICENCIATURA EN PEDAGOGIA Y PSICOLOGIA;59;42
970;190925;COMUNICACION SOCIAL- PERIODISMO;60;43
971;190926;TRABAJO SOCIAL;61;44
972;190927;DERECHO;62;45
973;190928;ECONOMIA;63;46
974;190929;FINANZAS Y RELACIONES INTERNACIONALES;64;47
975;190930;ADMINISTRACION DE EMPRESAS;65;48
976;190931;ADMINISTRACION DE EMPRESAS ;66;49
977;190932;CONTADURIA PUBLICA;67;50
978;190933;ESPECIALIZACION EN DERECHO COMERCIAL;68;51
979;190934;ESPECIALIZACION EN DERECHO DE FAMILIA;69;52
980;190935; DERECHO PUBLICO;70;53
981;190936; DERECHO LABORAL Y RELACIONES INDUSTRIALES;71;54
982;190937;CIENCIAS PENALES Y CRIMINOLOGICAS;72;55
983;190938;ESPECIALIZACION EN DERECHO PROCESAL CIVIL;73;56
984;190939;ESPECIALIZACION EN DERECHO DE LOS NEGOCIOS;74;57
985;190940;ESPECIALIZACION EN DERECHO ECONOMICO;75;58
986;190941;ESPECIALIZACION EN DERECHO NOTARIAL;76;59
987;190942;ESPECIALIZACION EN NEGOCIOS INTERNACIONALES;77;60
988;190943;N GESTION DE ENTIDADES TERRITORIALES;78;61
989;190944;MAESTRIA EN ORIENTACION Y ASESORIA EDUCATIVA;79;62
990;190945;ESTRUCTURAS Y PROCESOS DE APRENDIZAJE;80;63
991;190946;ADMINISTRACION Y SUPERVISION EDUCATIVA;81;64
992;190947;MAESTRIA EN ANALISIS DE PROBLEMAS POLITICOS;82;65
993;190948;MAESTRIA EN CIENCIAS PENALES Y CRIMINOLOGICAS;83;66
994;190949;MAESTRIA EN ADMINISTRACION DE EMPRESAS;84;67
995;190950;MAESTRIA EN GOBIERNO MUNICIPAL;85;68
996;190951;AGROLOGIA;86;69
997;190952;BELLAS ARTES;87;70
998;190953;DISEÑO GRAFICO;88;71
999;190954;DISEO INDUSTRIAL;89;72
1000;190955;ARQUITECTURA DE INTERIORES;90;73
